date,price
2008-05-21,94
2008-05-22,94
2008-05-23,94
2008-05-24,94
2008-05-25,94
2008-05-26,94
2008-05-27,94
2008-05-28,94
2008-05-29,94
2008-05-30,94
2008-05-31,94
2008-06-01,94
2008-06-02,93
2008-06-03,92
2008-06-04,91
2008-06-05,90
2008-06-06,89
2008-06-07,89
2008-06-08,90
2008-06-09,94
2008-06-10,94
2008-06-11,94
2008-06-12,99
2008-06-13,104
2008-06-14,109
2008-06-15,115
2008-06-16,115
2008-06-17,115
2008-06-18,115
2008-06-19,110
2008-06-20,106
2008-06-21,106
2008-06-22,102
2008-06-23,97
2008-06-24,97
2008-06-25,97
2008-06-26,97
2008-06-27,98
2008-06-28,100
2008-06-29,100
2008-06-30,99
2008-07-01,98
2008-07-02,97
2008-07-03,97
2008-07-04,98
2008-07-05,98
2008-07-06,99
2008-07-07,99
2008-07-08,99
2008-07-09,102
2008-07-10,102
2008-07-11,103
2008-07-12,103
2008-07-13,102
2008-07-14,100
2008-07-15,100
2008-07-16,98
2008-07-17,97
2008-07-18,97
2008-07-19,97
2008-07-20,97
2008-07-21,97
2008-07-22,97
2008-07-23,98
2008-07-24,98
2008-07-25,99
2008-07-26,99
2008-07-27,99
2008-07-28,99
2008-07-29,99
2008-07-30,99
2008-07-31,100
2008-08-01,100
2008-08-02,100
2008-08-03,100
2008-08-04,100
2008-08-05,100
2008-08-06,100
2008-08-07,99
2008-08-08,99
2008-08-09,99
2008-08-10,99
2008-08-11,99
2008-08-12,99
2008-08-13,98
2008-08-14,98
2008-08-15,98
2008-08-16,98
2008-08-17,98
2008-08-18,98
2008-08-19,98
2008-08-20,98
2008-08-21,98
2008-08-22,98
2008-08-23,98
2008-08-24,98
2008-08-25,98
2008-08-26,98
2008-08-27,98
2008-08-28,98
2008-08-29,98
2008-08-30,99
2008-08-31,99
2008-09-01,99
2008-09-02,99
2008-09-03,99
2008-09-04,98
2008-09-05,98
2008-09-06,98
2008-09-07,98
2008-09-08,98
2008-09-09,98
2008-09-10,98
2008-09-11,98
2008-09-12,98
2008-09-13,98
2008-09-14,98
2008-09-15,98
2008-09-16,98
2008-09-17,98
2008-09-18,97
2008-09-19,97
2008-09-20,97
2008-09-21,97
2008-09-22,96
2008-09-23,96
2008-09-24,96
2008-09-25,96
2008-09-26,96
2008-09-27,97
2008-09-28,97
2008-09-29,97
2008-09-30,97
2008-10-01,96
2008-10-02,96
2008-10-03,96
2008-10-04,95
2008-10-05,95
2008-10-06,95
2008-10-07,95
2008-10-08,95
2008-10-09,95
2008-10-10,95
2008-10-11,95
2008-10-12,95
2008-10-13,95
2008-10-14,95
2008-10-15,95
2008-10-16,95
2008-10-17,95
2008-10-18,93
2008-10-19,93
2008-10-20,93
2008-10-21,93
2008-10-22,93
2008-10-23,93
2008-10-24,93
2008-10-25,93
2008-10-26,93
2008-10-27,93
2008-10-28,93
2008-10-29,93
2008-10-30,93
2008-10-31,93
2008-11-01,93
2008-11-02,93
2008-11-03,96
2008-11-04,96
2008-11-05,96
2008-11-06,96
2008-11-07,96
2008-11-08,96
2008-11-09,96
2008-11-10,96
2008-11-11,95
2008-11-12,95
2008-11-13,95
2008-11-14,95
2008-11-15,96
2008-11-16,100
2008-11-17,102
2008-11-18,104
2008-11-19,104
2008-11-20,106
2008-11-21,110
2008-11-22,110
2008-11-23,111
2008-11-24,111
2008-11-25,109
2008-11-26,109
2008-11-27,107
2008-11-28,104
2008-11-29,104
2008-11-30,104
2008-12-01,103
2008-12-02,102
2008-12-03,102
2008-12-04,101
2008-12-05,101
2008-12-06,100
2008-12-07,99
2008-12-08,98
2008-12-09,98
2008-12-10,98
2008-12-11,99
2008-12-12,99
2008-12-13,100
2008-12-14,101
2008-12-15,101
2008-12-16,101
2008-12-17,100
2008-12-18,99
2008-12-19,99
2008-12-20,99
2008-12-21,99
2008-12-22,99
2008-12-23,99
2008-12-24,99
2008-12-25,99
2008-12-26,98
2008-12-27,98
2008-12-28,98
2008-12-29,98
2008-12-30,98
2008-12-31,98
2009-01-01,98
2009-01-02,98
2009-01-03,98
2009-01-04,98
2009-01-05,98
2009-01-06,98
2009-01-07,99
2009-01-08,101
2009-01-09,101
2009-01-10,101
2009-01-11,101
2009-01-12,101
2009-01-13,101
2009-01-14,101
2009-01-15,101
2009-01-16,101
2009-01-17,101
2009-01-18,101
2009-01-19,101
2009-01-20,101
2009-01-21,101
2009-01-22,101
2009-01-23,101
2009-01-24,101
2009-01-25,99
2009-01-26,99
2009-01-27,99
2009-01-28,99
2009-01-29,99
2009-01-30,99
2009-01-31,99
2009-02-01,99
2009-02-02,99
2009-02-03,99
2009-02-04,99
2009-02-05,99
2009-02-06,99
2009-02-07,99
2009-02-08,99
2009-02-09,99
2009-02-10,99
2009-02-11,99
2009-02-12,100
2009-02-13,100
2009-02-14,100
2009-02-15,100
2009-02-16,100
2009-02-17,100
2009-02-18,100
2009-02-19,100
2009-02-20,100
2009-02-21,100
2009-02-22,100
2009-02-23,100
2009-02-24,100
2009-02-25,100
2009-02-26,100
2009-02-27,100
2009-02-28,100
2009-03-01,100
2009-03-02,100
2009-03-03,100
2009-03-04,100
2009-03-05,100
2009-03-06,100
2009-03-07,101
2009-03-08,103
2009-03-09,104
2009-03-10,103
2009-03-11,103
2009-03-12,102
2009-03-13,102
2009-03-14,102
2009-03-15,102
2009-03-16,102
2009-03-17,102
2009-03-18,102
2009-03-19,102
2009-03-20,102
2009-03-21,103
2009-03-22,104
2009-03-23,104
2009-03-24,104
2009-03-25,103
2009-03-26,102
2009-03-27,100
2009-03-28,100
2009-03-29,100
2009-03-30,100
2009-03-31,100
2009-04-01,100
2009-04-02,100
2009-04-03,100
2009-04-04,100
2009-04-05,101
2009-04-06,101
2009-04-07,101
2009-04-08,101
2009-04-09,101
2009-04-10,101
2009-04-11,101
2009-04-12,101
2009-04-13,101
2009-04-14,101
2009-04-15,101
2009-04-16,101
2009-04-17,101
2009-04-18,101
2009-04-19,101
2009-04-20,101
2009-04-21,101
2009-04-22,101
2009-04-23,101
2009-04-24,100
2009-04-25,100
2009-04-26,100
2009-04-27,100
2009-04-28,100
2009-04-29,100
2009-04-30,100
2009-05-01,101
2009-05-02,102
2009-05-03,103
2009-05-04,103
2009-05-05,104
2009-05-06,105
2009-05-07,105
2009-05-08,105
2009-05-09,105
2009-05-10,104
2009-05-11,103
2009-05-12,103
2009-05-13,103
2009-05-14,102
2009-05-15,102
2009-05-16,102
2009-05-17,102
2009-05-18,102
2009-05-19,102
2009-05-20,102
2009-05-21,102
2009-05-22,102
2009-05-23,102
2009-05-24,102
2009-05-25,101
2009-05-26,101
2009-05-27,101
2009-05-28,100
2009-05-29,100
2009-05-30,100
2009-05-31,100
2009-06-01,100
2009-06-02,100
2009-06-03,100
2009-06-04,100
2009-06-05,100
2009-06-06,100
2009-06-07,100
2009-06-08,100
2009-06-09,100
2009-06-10,100
2009-06-11,100
2009-06-12,100
2009-06-13,100
2009-06-14,100
2009-06-15,100
2009-06-16,100
2009-06-17,100
2009-06-18,100
2009-06-19,100
2009-06-20,100
2009-06-21,100
2009-06-22,100
2009-06-23,100
2009-06-24,100
2009-06-25,100
2009-06-26,100
2009-06-27,100
2009-06-28,99
2009-06-29,99
2009-06-30,99
2009-07-01,99
2009-07-03,99
2009-07-04,99
2009-07-05,99
2009-07-06,99
2009-07-07,100
2009-07-08,101
2009-07-09,101
2009-07-10,102
2009-07-11,106
2009-07-12,106
2009-07-13,108
2009-07-14,108
2009-07-15,108
2009-07-16,107
2009-07-17,107
2009-07-18,107
2009-07-19,111
2009-07-20,111
2009-07-21,114
2009-07-22,120
2009-07-23,120
2009-07-24,120
2009-07-25,120
2009-07-26,119
2009-07-27,121
2009-07-28,121
2009-07-29,130
2009-07-30,130
2009-07-31,144
2009-08-01,152
2009-08-02,159
2009-08-03,174
2009-08-04,182
2009-08-05,191
2009-08-06,200
2009-08-07,203
2009-08-08,193
2009-08-09,183
2009-08-10,174
2009-08-11,150
2009-08-12,134
2009-08-13,121
2009-08-14,113
2009-08-15,116
2009-08-16,124
2009-08-17,124
2009-08-18,127
2009-08-19,121
2009-08-20,120
2009-08-21,119
2009-08-22,119
2009-08-23,121
2009-08-24,124
2009-08-25,127
2009-08-26,127
2009-08-27,124
2009-08-28,124
2009-08-29,121
2009-08-30,118
2009-08-31,118
2009-09-01,119
2009-09-02,121
2009-09-03,121
2009-09-04,122
2009-09-05,124
2009-09-06,125
2009-09-07,130
2009-09-08,130
2009-09-09,130
2009-09-10,126
2009-09-11,127
2009-09-12,133
2009-09-13,139
2009-09-14,153
2009-09-15,156
2009-09-16,150
2009-09-17,143
2009-09-18,141
2009-09-19,141
2009-09-20,143
2009-09-21,152
2009-09-22,160
2009-09-23,168
2009-09-24,171
2009-09-25,176
2009-09-26,176
2009-09-27,173
2009-09-28,182
2009-09-29,175
2009-09-30,181
2009-10-01,181
2009-10-02,192
2009-10-03,192
2009-10-04,187
2009-10-05,190
2009-10-06,190
2009-10-07,193
2009-10-08,193
2009-10-09,193
2009-10-10,190
2009-10-11,189
2009-10-12,189
2009-10-13,193
2009-10-14,193
2009-10-15,192
2009-10-16,192
2009-10-17,192
2009-10-18,188
2009-10-19,188
2009-10-20,185
2009-10-21,184
2009-10-22,184
2009-10-23,181
2009-10-24,182
2009-10-25,184
2009-10-26,182
2009-10-27,182
2009-10-28,181
2009-10-29,178
2009-10-30,176
2009-10-31,173
2009-11-01,171
2009-11-02,170
2009-11-03,171
2009-11-04,171
2009-11-05,176
2009-11-06,176
2009-11-07,180
2009-11-08,180
2009-11-09,181
2009-11-10,182
2009-11-11,182
2009-11-12,182
2009-11-13,181
2009-11-14,181
2009-11-15,181
2009-11-16,181
2009-11-17,181
2009-11-18,182
2009-11-19,182
2009-11-20,182
2009-11-21,181
2009-11-22,175
2009-11-23,175
2009-11-24,180
2009-11-25,186
2009-11-26,189
2009-11-27,194
2009-11-28,197
2009-11-29,198
2009-11-30,187
2009-12-01,187
2009-12-02,182
2009-12-03,176
2009-12-04,174
2009-12-05,174
2009-12-06,182
2009-12-07,185
2009-12-08,185
2009-12-09,191
2009-12-10,192
2009-12-11,192
2009-12-12,194
2009-12-13,196
2009-12-14,201
2009-12-15,206
2009-12-16,207
2009-12-17,206
2009-12-18,206
2009-12-19,206
2009-12-20,205
2009-12-21,197
2009-12-22,197
2009-12-23,190
2009-12-24,186
2009-12-25,186
2009-12-26,195
2009-12-27,198
2009-12-28,198
2009-12-29,202
2009-12-30,202
2009-12-31,202
2010-01-01,201
2010-01-02,201
2010-01-03,202
2010-01-04,206
2010-01-05,208
2010-01-06,208
2010-01-07,210
2010-01-08,204
2010-01-09,197
2010-01-10,195
2010-01-11,195
2010-01-12,203
2010-01-13,203
2010-01-14,203
2010-01-15,203
2010-01-16,204
2010-01-17,207
2010-01-18,207
2010-01-19,215
2010-01-20,215
2010-01-21,218
2010-01-22,220
2010-01-23,220
2010-01-24,212
2010-01-25,212
2010-01-26,211
2010-01-27,213
2010-01-28,216
2010-01-29,220
2010-01-30,215
2010-01-31,212
2010-02-01,208
2010-02-02,208
2010-02-03,205
2010-02-04,205
2010-02-05,206
2010-02-06,207
2010-02-07,207
2010-02-08,203
2010-02-09,203
2010-02-10,198
2010-02-11,196
2010-02-12,197
2010-02-13,197
2010-02-14,209
2010-02-15,217
2010-02-16,217
2010-02-17,223
2010-02-18,226
2010-02-19,218
2010-02-20,218
2010-02-21,213
2010-02-22,212
2010-02-23,212
2010-02-24,215
2010-02-25,215
2010-02-26,213
2010-02-27,213
2010-02-28,213
2010-03-01,216
2010-03-02,219
2010-03-03,222
2010-03-04,244
2010-03-05,244
2010-03-06,257
2010-03-07,267
2010-03-08,275
2010-03-09,271
2010-03-10,259
2010-03-11,248
2010-03-12,244
2010-03-13,261
2010-03-14,267
2010-03-15,268
2010-03-16,268
2010-03-17,268
2010-03-18,265
2010-03-19,257
2010-03-20,250
2010-03-21,245
2010-03-22,252
2010-03-23,254
2010-03-24,254
2010-03-25,253
2010-03-26,252
2010-03-27,252
2010-03-28,254
2010-03-29,256
2010-03-30,258
2010-03-31,262
2010-04-01,269
2010-04-02,275
2010-04-03,276
2010-04-04,274
2010-04-05,266
2010-04-06,260
2010-04-07,260
2010-04-08,258
2010-04-09,260
2010-04-10,260
2010-04-11,262
2010-04-12,263
2010-04-13,254
2010-04-14,254
2010-04-15,249
2010-04-16,238
2010-04-17,238
2010-04-18,251
2010-04-19,257
2010-04-20,257
2010-04-21,255
2010-04-22,255
2010-04-23,243
2010-04-24,243
2010-04-25,243
2010-04-26,247
2010-04-27,250
2010-04-28,241
2010-04-29,241
2010-04-30,234
2010-05-01,227
2010-05-02,226
2010-05-03,238
2010-05-04,238
2010-05-05,240
2010-05-06,240
2010-05-07,225
2010-05-08,225
2010-05-09,217
2010-05-10,217
2010-05-11,218
2010-05-12,220
2010-05-13,220
2010-05-14,216
2010-05-15,210
2010-05-16,207
2010-05-17,207
2010-05-18,210
2010-05-19,216
2010-05-20,216
2010-05-21,220
2010-05-22,225
2010-05-23,232
2010-05-24,240
2010-05-25,245
2010-05-26,232
2010-05-27,232
2010-05-28,225
2010-05-29,222
2010-05-30,229
2010-05-31,237
2010-06-01,237
2010-06-02,240
2010-06-03,240
2010-06-04,237
2010-06-05,232
2010-06-06,232
2010-06-07,234
2010-06-08,234
2010-06-09,234
2010-06-10,234
2010-06-11,232
2010-06-12,232
2010-06-13,232
2010-06-14,233
2010-06-15,234
2010-06-16,235
2010-06-17,235
2010-06-18,239
2010-06-19,239
2010-06-20,243
2010-06-21,246
2010-06-22,250
2010-06-23,250
2010-06-24,254
2010-06-25,254
2010-06-26,255
2010-06-27,256
2010-06-28,258
2010-06-29,264
2010-06-30,269
2010-07-01,269
2010-07-02,272
2010-07-03,274
2010-07-04,274
2010-07-05,261
2010-07-06,261
2010-07-07,249
2010-07-08,247
2010-07-09,257
2010-07-10,257
2010-07-11,265
2010-07-12,266
2010-07-13,256
2010-07-14,256
2010-07-15,243
2010-07-16,243
2010-07-17,247
2010-07-18,257
2010-07-19,263
2010-07-20,255
2010-07-21,255
2010-07-22,251
2010-07-23,254
2010-07-24,254
2010-07-25,257
2010-07-26,257
2010-07-27,250
2010-07-28,240
2010-07-29,228
2010-07-30,228
2010-07-31,225
2010-08-01,225
2010-08-02,231
2010-08-03,231
2010-08-04,233
2010-08-05,232
2010-08-06,229
2010-08-07,226
2010-08-08,231
2010-08-09,238
2010-08-10,244
2010-08-11,254
2010-08-12,254
2010-08-13,257
2010-08-14,253
2010-08-15,244
2010-08-16,236
2010-08-17,235
2010-08-18,235
2010-08-19,232
2010-08-20,232
2010-08-21,230
2010-08-22,230
2010-08-23,231
2010-08-24,234
2010-08-25,238
2010-08-26,238
2010-08-27,225
2010-08-28,225
2010-08-29,219
2010-08-30,220
2010-08-31,222
2010-09-01,222
2010-09-02,224
2010-09-03,226
2010-09-04,231
2010-09-05,225
2010-09-06,225
2010-09-07,220
2010-09-08,220
2010-09-09,224
2010-09-10,227
2010-09-11,230
2010-09-12,232
2010-09-13,234
2010-09-14,233
2010-09-15,233
2010-09-16,229
2010-09-17,222
2010-09-18,224
2010-09-19,224
2010-09-20,233
2010-09-21,233
2010-09-22,240
2010-09-23,240
2010-09-24,242
2010-09-25,238
2010-09-26,232
2010-09-27,235
2010-09-28,241
2010-09-29,241
2010-09-30,246
2010-10-01,246
2010-10-02,243
2010-10-03,242
2010-10-04,243
2010-10-05,245
2010-10-06,246
2010-10-07,246
2010-10-08,248
2010-10-09,248
2010-10-10,247
2010-10-11,247
2010-10-12,247
2010-10-13,247
2010-10-14,246
2010-10-15,242
2010-10-16,242
2010-10-17,239
2010-10-18,237
2010-10-19,233
2010-10-20,233
2010-10-21,234
2010-10-22,234
2010-10-23,235
2010-10-24,232
2010-10-25,229
2010-10-26,229
2010-10-27,226
2010-10-28,224
2010-10-29,218
2010-10-30,217
2010-10-31,222
2010-11-01,222
2010-11-02,226
2010-11-03,227
2010-11-04,223
2010-11-05,220
2010-11-06,220
2010-11-07,219
2010-11-08,222
2010-11-09,223
2010-11-10,223
2010-11-11,225
2010-11-12,223
2010-11-13,219
2010-11-14,216
2010-11-15,221
2010-11-16,221
2010-11-17,226
2010-11-18,226
2010-11-19,223
2010-11-20,221
2010-11-21,223
2010-11-22,223
2010-11-23,223
2010-11-24,220
2010-11-25,219
2010-11-26,216
2010-11-27,215
2010-11-28,221
2010-11-29,221
2010-11-30,219
2010-12-01,221
2010-12-02,217
2010-12-03,217
2010-12-04,216
2010-12-05,215
2010-12-06,219
2010-12-07,219
2010-12-08,218
2010-12-09,217
2010-12-10,217
2010-12-11,215
2010-12-12,214
2010-12-13,215
2010-12-14,215
2010-12-15,215
2010-12-16,215
2010-12-17,216
2010-12-18,216
2010-12-19,215
2010-12-20,215
2010-12-21,215
2010-12-22,214
2010-12-23,214
2010-12-24,214
2010-12-25,214
2010-12-26,215
2010-12-27,216
2010-12-28,216
2010-12-29,217
2010-12-30,216
2010-12-31,216
2011-01-01,216
2011-01-02,215
2011-01-03,215
2011-01-04,214
2011-01-05,214
2011-01-06,214
2011-01-07,213
2011-01-08,211
2011-01-09,206
2011-01-10,199
2011-01-11,194
2011-01-12,182
2011-01-13,173
2011-01-14,164
2011-01-15,164
2011-01-16,157
2011-01-17,166
2011-01-18,173
2011-01-19,181
2011-01-20,181
2011-01-21,188
2011-01-22,181
2011-01-23,174
2011-01-24,174
2011-01-25,173
2011-01-26,173
2011-01-27,171
2011-01-28,164
2011-01-29,156
2011-01-30,148
2011-01-31,140
2011-02-01,133
2011-02-02,133
2011-02-03,119
2011-02-04,113
2011-02-05,107
2011-02-06,102
2011-02-07,103
2011-02-08,102
2011-02-09,102
2011-02-10,108
2011-02-11,119
2011-02-12,125
2011-02-13,132
2011-02-14,139
2011-02-15,146
2011-02-16,150
2011-02-17,155
2011-02-18,155
2011-02-19,155
2011-02-20,157
2011-02-21,161
2011-02-22,163
2011-02-23,171
2011-02-24,177
2011-02-25,181
2011-02-26,179
2011-02-27,174
2011-02-28,169
2011-03-01,165
2011-03-02,165
2011-03-03,144
2011-03-04,144
2011-03-05,146
2011-03-06,149
2011-03-07,149
2011-03-08,157
2011-03-09,164
2011-03-10,173
2011-03-11,192
2011-03-12,202
2011-03-13,213
2011-03-14,221
2011-03-15,225
2011-03-16,223
2011-03-17,224
2011-03-18,224
2011-03-19,212
2011-03-20,212
2011-03-21,201
2011-03-22,187
2011-03-23,180
2011-03-24,180
2011-03-25,167
2011-03-26,167
2011-03-27,166
2011-03-28,171
2011-03-29,171
2011-03-30,171
2011-03-31,171
2011-04-01,168
2011-04-02,168
2011-04-03,162
2011-04-04,162
2011-04-05,157
2011-04-06,150
2011-04-07,150
2011-04-08,150
2011-04-09,143
2011-04-10,138
2011-04-11,138
2011-04-12,135
2011-04-13,125
2011-04-14,121
2011-04-15,121
2011-04-16,132
2011-04-17,134
2011-04-18,135
2011-04-19,135
2011-04-20,128
2011-04-21,126
2011-04-22,127
2011-04-23,126
2011-04-24,126
2011-04-25,125
2011-04-26,127
2011-04-27,128
2011-04-28,128
2011-04-29,122
2011-04-30,116
2011-05-01,116
2011-05-02,112
2011-05-03,104
2011-05-04,105
2011-05-05,115
2011-05-06,119
2011-05-07,117
2011-05-08,109
2011-05-09,105
2011-05-10,103
2011-05-11,106
2011-05-12,106
2011-05-13,106
2011-05-14,106
2011-05-15,97
2011-05-16,94
2011-05-17,92
2011-05-18,92
2011-05-19,93
2011-05-20,98
2011-05-21,102
2011-05-22,103
2011-05-23,100
2011-05-24,98
2011-05-25,96
2011-05-26,96
2011-05-27,96
2011-05-28,95
2011-05-29,95
2011-05-30,95
2011-05-31,95
2011-06-01,95
2011-06-02,93
2011-06-03,92
2011-06-04,92
2011-06-05,90
2011-06-06,88
2011-06-07,86
2011-06-08,87
2011-06-09,89
2011-06-10,90
2011-06-11,90
2011-06-12,90
2011-06-13,93
2011-06-14,93
2011-06-15,92
2011-06-16,98
2011-06-17,94
2011-06-18,94
2011-06-19,91
2011-06-20,91
2011-06-21,91
2011-06-22,90
2011-06-23,89
2011-06-24,88
2011-06-25,88
2011-06-26,89
2011-06-27,89
2011-06-28,90
2011-06-29,90
2011-06-30,89
2011-07-01,87
2011-07-02,87
2011-07-03,86
2011-07-04,86
2011-07-05,85
2011-07-06,85
2011-07-07,85
2011-07-08,88
2011-07-09,89
2011-07-10,90
2011-07-11,90
2011-07-12,93
2011-07-13,95
2011-07-14,95
2011-07-15,100
2011-07-16,103
2011-07-17,107
2011-07-18,109
2011-07-19,109
2011-07-20,110
2011-07-21,107
2011-07-22,104
2011-07-23,103
2011-07-24,103
2011-07-25,106
2011-07-26,106
2011-07-27,106
2011-07-28,109
2011-07-29,112
2011-07-30,114
2011-07-31,115
2011-08-01,113
2011-08-02,113
2011-08-03,107
2011-08-04,107
2011-08-05,103
2011-08-06,101
2011-08-07,100
2011-08-08,99
2011-08-09,98
2011-08-10,96
2011-08-11,94
2011-08-12,94
2011-08-13,95
2011-08-14,98
2011-08-15,100
2011-08-16,104
2011-08-17,104
2011-08-18,109
2011-08-19,112
2011-08-20,112
2011-08-21,110
2011-08-22,102
2011-08-23,101
2011-08-24,101
2011-08-25,99
2011-08-26,99
2011-08-27,103
2011-08-28,103
2011-08-29,102
2011-08-30,104
2011-08-31,104
2011-09-01,104
2011-09-02,104
2011-09-03,105
2011-09-04,108
2011-09-05,108
2011-09-06,107
2011-09-07,109
2011-09-08,109
2011-09-09,107
2011-09-10,107
2011-09-11,103
2011-09-12,97
2011-09-13,94
2011-09-14,92
2011-09-15,92
2011-09-16,95
2011-09-17,95
2011-09-18,102
2011-09-19,102
2011-09-20,102
2011-09-21,108
2011-09-22,110
2011-09-23,106
2011-09-24,106
2011-09-25,102
2011-09-26,99
2011-09-27,99
2011-09-28,99
2011-09-29,101
2011-09-30,101
2011-10-01,103
2011-10-02,103
2011-10-03,105
2011-10-04,108
2011-10-05,102
2011-10-06,102
2011-10-07,104
2011-10-08,104
2011-10-09,105
2011-10-10,105
2011-10-11,105
2011-10-12,109
2011-10-13,110
2011-10-14,110
2011-10-15,108
2011-10-16,108
2011-10-17,109
2011-10-18,109
2011-10-19,111
2011-10-20,108
2011-10-21,108
2011-10-22,108
2011-10-23,108
2011-10-24,105
2011-10-25,105
2011-10-26,104
2011-10-27,98
2011-10-28,97
2011-10-29,100
2011-10-30,99
2011-10-31,99
2011-11-01,101
2011-11-02,101
2011-11-03,101
2011-11-04,102
2011-11-05,107
2011-11-06,106
2011-11-07,106
2011-11-08,105
2011-11-09,109
2011-11-10,109
2011-11-11,110
2011-11-12,114
2011-11-13,118
2011-11-14,118
2011-11-15,122
2011-11-16,122
2011-11-17,122
2011-11-18,121
2011-11-19,120
2011-11-20,123
2011-11-21,123
2011-11-22,129
2011-11-23,143
2011-11-24,151
2011-11-25,159
2011-11-26,167
2011-11-27,167
2011-11-28,185
2011-11-29,185
2011-11-30,204
2011-12-01,204
2011-12-02,207
2011-12-03,207
2011-12-04,210
2011-12-05,215
2011-12-06,226
2011-12-07,238
2011-12-08,250
2011-12-09,262
2011-12-10,276
2011-12-11,290
2011-12-12,305
2011-12-13,321
2011-12-14,335
2011-12-15,343
2011-12-16,358
2011-12-17,352
2011-12-18,337
2011-12-19,320
2011-12-20,312
2011-12-21,300
2011-12-22,291
2011-12-23,286
2011-12-24,294
2011-12-25,308
2011-12-26,323
2011-12-27,339
2011-12-28,356
2011-12-29,374
2011-12-30,384
2011-12-31,374
2012-01-01,365
2012-01-02,364
2012-01-03,373
2012-01-04,384
2012-01-05,382
2012-01-06,382
2012-01-07,377
2012-01-08,366
2012-01-09,348
2012-01-10,334
2012-01-11,324
2012-01-12,323
2012-01-13,327
2012-01-14,341
2012-01-15,344
2012-01-16,346
2012-01-17,348
2012-01-18,346
2012-01-19,339
2012-01-20,330
2012-01-21,326
2012-01-22,328
2012-01-23,327
2012-01-24,333
2012-01-25,336
2012-01-26,343
2012-01-27,360
2012-01-28,367
2012-01-29,381
2012-01-30,382
2012-01-31,383
2012-02-01,381
2012-02-02,395
2012-02-03,408
2012-02-04,410
2012-02-05,413
2012-02-06,407
2012-02-07,404
2012-02-08,397
2012-02-09,393
2012-02-10,393
2012-02-11,389
2012-02-12,382
2012-02-13,393
2012-02-14,404
2012-02-15,396
2012-02-16,381
2012-02-17,361
2012-02-18,342
2012-02-19,401
2012-02-20,380
2012-02-21,361
2012-02-22,342
2012-02-23,326
2012-02-24,309
2012-02-25,293
2012-02-26,278
2012-02-27,264
2012-02-28,250
2012-02-29,237
2012-03-01,232
2012-03-02,224
2012-03-03,222
2012-03-04,217
2012-03-05,212
2012-03-06,203
2012-03-07,201
2012-03-08,199
2012-03-09,199
2012-03-10,204
2012-03-11,211
2012-03-12,222
2012-03-13,234
2012-03-14,246
2012-03-15,245
2012-03-16,239
2012-03-17,235
2012-03-18,228
2012-03-19,216
2012-03-20,208
2012-03-21,197
2012-03-22,188
2012-03-23,192
2012-03-24,196
2012-03-25,199
2012-03-26,203
2012-03-27,207
2012-03-28,216
2012-03-29,221
2012-03-30,215
2012-03-31,209
2012-04-01,199
2012-04-02,190
2012-04-03,185
2012-04-04,188
2012-04-05,187
2012-04-06,188
2012-04-07,184
2012-04-08,181
2012-04-09,184
2012-04-10,186
2012-04-11,190
2012-04-12,187
2012-04-13,178
2012-04-14,169
2012-04-15,166
2012-04-16,171
2012-04-17,176
2012-04-18,184
2012-04-19,192
2012-04-20,190
2012-04-21,187
2012-04-22,184
2012-04-23,182
2012-04-24,186
2012-04-25,187
2012-04-26,191
2012-04-27,191
2012-04-28,190
2012-04-29,189
2012-04-30,187
2012-05-01,185
2012-05-02,186
2012-05-03,189
2012-05-04,184
2012-05-05,185
2012-05-06,190
2012-05-07,195
2012-05-08,196
2012-05-09,200
2012-05-10,205
2012-05-11,203
2012-05-12,193
2012-05-13,185
2012-05-14,187
2012-05-15,194
2012-05-16,193
2012-05-17,185
2012-05-18,175
2012-05-19,169
2012-05-20,164
2012-05-21,155
2012-05-22,147
2012-05-23,144
2012-05-24,141
2012-05-25,140
2012-05-26,138
2012-05-27,133
2012-05-28,130
2012-05-29,136
2012-05-30,134
2012-05-31,133
2012-06-01,131
2012-06-02,131
2012-06-03,135
2012-06-04,140
2012-06-05,147
2012-06-06,152
2012-06-07,150
2012-06-08,149
2012-06-09,149
2012-06-10,147
2012-06-11,144
2012-06-12,141
2012-06-13,143
2012-06-14,141
2012-06-15,136
2012-06-16,138
2012-06-17,145
2012-06-18,153
2012-06-19,159
2012-06-20,165
2012-06-21,172
2012-06-22,176
2012-06-23,174
2012-06-24,166
2012-06-25,162
2012-06-26,159
2012-06-27,160
2012-06-28,166
2012-06-29,173
2012-06-30,169
2012-07-01,167
2012-07-02,167
2012-07-03,166
2012-07-04,166
2012-07-05,164
2012-07-06,171
2012-07-07,178
2012-07-08,186
2012-07-09,193
2012-07-10,199
2012-07-11,196
2012-07-12,191
2012-07-13,190
2012-07-14,191
2012-07-15,199
2012-07-16,206
2012-07-17,201
2012-07-18,190
2012-07-19,183
2012-07-20,182
2012-07-21,182
2012-07-22,189
2012-07-23,188
2012-07-24,185
2012-07-25,182
2012-07-26,182
2012-07-27,180
2012-07-28,182
2012-07-29,181
2012-07-30,182
2012-07-31,186
2012-08-01,193
2012-08-02,195
2012-08-03,203
2012-08-04,206
2012-08-05,202
2012-08-06,203
2012-08-07,211
2012-08-08,206
2012-08-09,204
2012-08-10,201
2012-08-11,199
2012-08-12,207
2012-08-13,214
2012-08-14,213
2012-08-15,207
2012-08-16,197
2012-08-17,189
2012-08-18,188
2012-08-19,187
2012-08-20,188
2012-08-21,192
2012-08-22,194
2012-08-23,192
2012-08-24,190
2012-08-25,186
2012-08-26,182
2012-08-27,178
2012-08-28,173
2012-08-29,173
2012-08-30,169
2012-08-31,168
2012-09-01,162
2012-09-02,158
2012-09-03,157
2012-09-04,155
2012-09-05,156
2012-09-06,158
2012-09-07,163
2012-09-08,163
2012-09-09,159
2012-09-10,159
2012-09-11,166
2012-09-12,169
2012-09-13,174
2012-09-14,182
2012-09-15,186
2012-09-16,184
2012-09-17,186
2012-09-18,188
2012-09-19,187
2012-09-20,187
2012-09-21,188
2012-09-22,188
2012-09-23,184
2012-09-24,182
2012-09-25,173
2012-09-26,176
2012-09-27,179
2012-09-28,170
2012-09-29,169
2012-09-30,165
2012-10-01,173
2012-10-02,179
2012-10-03,182
2012-10-04,181
2012-10-05,186
2012-10-06,179
2012-10-07,181
2012-10-08,184
2012-10-09,189
2012-10-10,194
2012-10-11,197
2012-10-12,197
2012-10-13,201
2012-10-14,198
2012-10-15,194
2012-10-16,194
2012-10-17,190
2012-10-18,194
2012-10-19,195
2012-10-20,202
2012-10-21,205
2012-10-22,209
2012-10-23,212
2012-10-24,217
2012-10-25,215
2012-10-26,223
2012-10-27,221
2012-10-28,216
2012-10-29,212
2012-10-30,209
2012-10-31,208
2012-11-01,209
2012-11-02,215
2012-11-03,215
2012-11-04,223
2012-11-05,227
2012-11-06,225
2012-11-07,222
2012-11-08,220
2012-11-09,218
2012-11-10,215
2012-11-11,213
2012-11-12,210
2012-11-13,208
2012-11-14,204
2012-11-15,204
2012-11-16,211
2012-11-17,210
2012-11-18,216
2012-11-19,218
2012-11-20,212
2012-11-21,201
2012-11-22,190
2012-11-23,183
2012-11-24,175
2012-11-25,166
2012-11-26,157
2012-11-27,149
2012-11-28,141
2012-11-29,138
2012-11-30,138
2012-12-01,135
2012-12-02,138
2012-12-03,142
2012-12-04,144
2012-12-05,150
2012-12-06,157
2012-12-07,162
2012-12-08,162
2012-12-09,153
2012-12-10,145
2012-12-11,139
2012-12-12,136
2012-12-13,137
2012-12-14,136
2012-12-15,136
2012-12-16,137
2012-12-17,137
2012-12-18,139
2012-12-19,143
2012-12-20,143
2012-12-21,136
2012-12-22,129
2012-12-23,123
2012-12-24,120
2012-12-25,119
2012-12-26,117
2012-12-27,115
2012-12-28,114
2012-12-29,109
2012-12-30,106
2012-12-31,104
2013-01-01,103
2013-01-02,104
2013-01-03,108
2013-01-04,112
2013-01-05,114
2013-01-06,119
2013-01-07,124
2013-01-08,123
2013-01-09,120
2013-01-10,116
2013-01-11,115
2013-01-12,115
2013-01-13,114
2013-01-14,112
2013-01-15,111
2013-01-16,112
2013-01-17,116
2013-01-18,118
2013-01-19,122
2013-01-20,122
2013-01-21,124
2013-01-22,122
2013-01-23,121
2013-01-24,120
2013-01-25,121
2013-01-26,121
2013-01-27,122
2013-01-28,126
2013-01-29,128
2013-01-30,129
2013-01-31,128
2013-02-01,126
2013-02-02,123
2013-02-03,117
2013-02-04,118
2013-02-05,117
2013-02-06,117
2013-02-07,118
2013-02-08,121
2013-02-09,126
2013-02-10,127
2013-02-11,130
2013-02-12,133
2013-02-13,133
2013-02-14,133
2013-02-15,131
2013-02-16,126
2013-02-17,126
2013-02-18,128
2013-02-19,131
2013-02-20,129
2013-02-21,128
2013-02-22,129
2013-02-23,131
2013-02-24,132
2013-02-25,134
2013-02-26,135
2013-02-27,136
2013-02-28,134
2013-03-01,134
2013-03-02,138
2013-03-03,141
2013-03-04,143
2013-03-05,147
2013-03-06,151
2013-03-07,152
2013-03-08,157
2013-03-09,162
2013-03-10,158
2013-03-11,154
2013-03-12,154
2013-03-13,155
2013-03-14,154
2013-03-15,156
2013-03-16,156
2013-03-17,156
2013-03-18,155
2013-03-19,158
2013-03-20,163
2013-03-21,168
2013-03-22,163
2013-03-23,162
2013-03-24,167
2013-03-25,169
2013-03-26,169
2013-03-27,170
2013-03-28,174
2013-03-29,176
2013-03-30,179
2013-03-31,181
2013-04-01,182
2013-04-02,181
2013-04-03,181
2013-04-04,181
2013-04-05,181
2013-04-06,180
2013-04-07,180
2013-04-08,180
2013-04-09,180
2013-04-10,186
2013-04-11,188
2013-04-12,185
2013-04-13,186
2013-04-14,184
2013-04-15,185
2013-04-16,192
2013-04-17,193
2013-04-18,193
2013-04-19,193
2013-04-20,191
2013-04-21,191
2013-04-22,190
2013-04-23,188
2013-04-24,186
2013-04-25,184
2013-04-26,185
2013-04-27,185
2013-04-28,183
2013-04-29,184
2013-04-30,186
2013-05-01,186
2013-05-02,188
2013-05-03,184
2013-05-04,183
2013-05-05,182
2013-05-06,184
2013-05-07,183
2013-05-08,186
2013-05-09,186
2013-05-10,185
2013-05-11,187
2013-05-12,184
2013-05-13,185
2013-05-14,188
2013-05-15,184
2013-05-16,183
2013-05-17,182
2013-05-18,182
2013-05-19,179
2013-05-20,180
2013-05-21,181
2013-05-22,182
2013-05-23,183
2013-05-24,182
2013-05-25,178
2013-05-26,177
2013-05-27,181
2013-05-28,187
2013-05-29,192
2013-05-30,195
2013-05-31,197
2013-06-01,193
2013-06-02,196
2013-06-03,194
2013-06-04,192
2013-06-05,186
2013-06-06,178
2013-06-07,174
2013-06-08,173
2013-06-09,176
2013-06-10,181
2013-06-11,182
2013-06-12,176
2013-06-13,176
2013-06-14,179
2013-06-15,184
2013-06-16,183
2013-06-17,187
2013-06-18,189
2013-06-19,187
2013-06-20,187
2013-06-21,184
2013-06-22,183
2013-06-23,185
2013-06-24,190
2013-06-25,197
2013-06-26,201
2013-06-27,193
2013-06-28,187
2013-06-29,182
2013-06-30,177
2013-07-01,174
2013-07-02,175
2013-07-03,182
2013-07-04,184
2013-07-05,188
2013-07-06,187
2013-07-07,187
2013-07-08,193
2013-07-09,198
2013-07-10,203
2013-07-11,213
2013-07-12,224
2013-07-13,236
2013-07-14,247
2013-07-15,251
2013-07-16,249
2013-07-17,254
2013-07-18,259
2013-07-19,264
2013-07-20,269
2013-07-21,274
2013-07-22,279
2013-07-23,277
2013-07-24,275
2013-07-25,275
2013-07-26,273
2013-07-27,272
2013-07-28,264
2013-07-29,263
2013-07-30,255
2013-07-31,252
2013-08-01,255
2013-08-02,260
2013-08-03,264
2013-08-04,270
2013-08-05,283
2013-08-06,297
2013-08-07,311
2013-08-08,326
2013-08-09,342
2013-08-10,360
2013-08-11,375
2013-08-12,385
2013-08-13,386
2013-08-14,373
2013-08-15,360
2013-08-16,359
2013-08-17,364
2013-08-18,378
2013-08-19,383
2013-08-20,393
2013-08-21,392
2013-08-22,381
2013-08-23,372
2013-08-24,357
2013-08-25,341
2013-08-26,323
2013-08-27,309
2013-08-28,302
2013-08-29,300
2013-08-30,308
2013-08-31,316
2013-09-01,331
2013-09-02,344
2013-09-03,362
2013-09-04,370
2013-09-05,379
2013-09-06,384
2013-09-07,382
2013-09-08,383
2013-09-09,391
2013-09-10,401
2013-09-11,403
2013-09-12,399
2013-09-13,397
2013-09-14,385
2013-09-15,371
2013-09-16,357
2013-09-17,345
2013-09-18,335
2013-09-19,327
2013-09-20,317
2013-09-21,304
2013-09-22,304
2013-09-23,295
2013-09-24,280
2013-09-25,271
2013-09-26,259
2013-09-27,248
2013-09-28,252
2013-09-29,264
2013-09-30,276
2013-10-01,287
2013-10-02,289
2013-10-03,297
2013-10-04,310
2013-10-05,319
2013-10-06,317
2013-10-07,307
2013-10-08,304
2013-10-09,302
2013-10-10,299
2013-10-11,297
2013-10-12,294
2013-10-13,291
2013-10-14,289
2013-10-15,286
2013-10-16,296
2013-10-17,296
2013-10-18,303
2013-10-19,312
2013-10-20,311
2013-10-21,310
2013-10-22,303
2013-10-23,301
2013-10-24,298
2013-10-25,294
2013-10-26,291
2013-10-27,290
2013-10-28,287
2013-10-29,289
2013-10-30,291
2013-10-31,291
2013-11-01,293
2013-11-02,292
2013-11-03,290
2013-11-04,288
2013-11-05,284
2013-11-06,279
2013-11-07,282
2013-11-08,278
2013-11-09,284
2013-11-10,286
2013-11-11,291
2013-11-12,295
2013-11-13,306
2013-11-14,309
2013-11-15,316
2013-11-16,322
2013-11-17,324
2013-11-18,316
2013-11-19,309
2013-11-20,309
2013-11-21,311
2013-11-22,304
2013-11-23,305
2013-11-24,303
2013-11-25,315
2013-11-26,314
2013-11-27,312
2013-11-28,311
2013-11-29,310
2013-11-30,308
2013-12-01,307
2013-12-02,312
2013-12-03,314
2013-12-04,315
2013-12-05,324
2013-12-06,325
2013-12-07,322
2013-12-08,332
2013-12-09,340
2013-12-10,348
2013-12-11,357
2013-12-12,361
2013-12-13,366
2013-12-14,373
2013-12-15,377
2013-12-16,371
2013-12-17,354
2013-12-18,341
2013-12-19,332
2013-12-20,335
2013-12-21,334
2013-12-22,339
2013-12-23,349
2013-12-24,356
2013-12-25,356
2013-12-26,359
2013-12-27,358
2013-12-28,354
2013-12-29,360
2013-12-30,364
2013-12-31,368
2014-01-01,364
2014-01-02,362
2014-01-03,359
2014-01-04,355
2014-01-05,354
2014-01-06,353
2014-01-07,355
2014-01-08,355
2014-01-09,355
2014-01-10,368
2014-01-11,375
2014-01-12,374
2014-01-13,375
2014-01-14,370
2014-01-15,369
2014-01-16,370
2014-01-17,370
2014-01-18,380
2014-01-19,381
2014-01-20,386
2014-01-21,385
2014-01-22,386
2014-01-23,396
2014-01-24,409
2014-01-25,411
2014-01-26,404
2014-01-27,397
2014-01-28,382
2014-01-29,370
2014-01-30,369
2014-01-31,374
2014-02-01,382
2014-02-02,393
2014-02-03,411
2014-02-04,430
2014-02-05,434
2014-02-06,454
2014-02-07,454
2014-02-08,437
2014-02-09,423
2014-02-10,415
2014-02-11,401
2014-02-12,394
2014-02-13,388
2014-02-14,375
2014-02-15,374
2014-02-16,383
2014-02-17,389
2014-02-18,387
2014-02-19,393
2014-02-20,394
2014-02-21,408
2014-02-22,424
2014-02-23,442
2014-02-24,450
2014-02-25,431
2014-02-26,410
2014-02-27,389
2014-02-28,375
2014-03-01,378
2014-03-02,386
2014-03-03,379
2014-03-04,374
2014-03-05,376
2014-03-06,380
2014-03-07,377
2014-03-08,377
2014-03-09,381
2014-03-10,381
2014-03-11,386
2014-03-12,388
2014-03-13,387
2014-03-14,381
2014-03-15,366
2014-03-16,354
2014-03-17,340
2014-03-18,325
2014-03-19,314
2014-03-20,310
2014-03-21,305
2014-03-22,303
2014-03-23,305
2014-03-24,313
2014-03-25,314
2014-03-26,320
2014-03-27,329
2014-03-28,334
2014-03-29,344
2014-03-30,345
2014-03-31,346
2014-04-01,354
2014-04-02,361
2014-04-03,368
2014-04-04,378
2014-04-05,378
2014-04-06,387
2014-04-07,381
2014-04-08,384
2014-04-09,390
2014-04-10,393
2014-04-11,394
2014-04-12,393
2014-04-13,391
2014-04-14,385
2014-04-15,378
2014-04-16,371
2014-04-17,357
2014-04-18,343
2014-04-19,329
2014-04-20,318
2014-04-21,322
2014-04-22,333
2014-04-23,349
2014-04-24,360
2014-04-25,363
2014-04-26,372
2014-04-27,390
2014-04-28,399
2014-04-29,413
2014-04-30,425
2014-05-01,447
2014-05-02,470
2014-05-03,489
2014-05-04,478
2014-05-05,468
2014-05-06,473
2014-05-07,482
2014-05-08,507
2014-05-09,533
2014-05-10,558
2014-05-11,573
2014-05-12,545
2014-05-13,516
2014-05-14,490
2014-05-15,465
2014-05-16,441
2014-05-17,418
2014-05-18,397
2014-05-19,395
2014-05-20,400
2014-05-21,416
2014-05-22,430
2014-05-23,435
2014-05-24,436
2014-05-25,426
2014-05-26,415
2014-05-27,410
2014-05-28,404
2014-05-29,395
2014-05-30,390
2014-05-31,387
2014-06-01,383
2014-06-02,376
2014-06-03,375
2014-06-04,390
2014-06-05,407
2014-06-06,417
2014-06-07,413
2014-06-08,422
2014-06-09,429
2014-06-10,440
2014-06-11,457
2014-06-12,468
2014-06-13,460
2014-06-14,454
2014-06-15,448
2014-06-16,455
2014-06-17,452
2014-06-18,448
2014-06-19,457
2014-06-20,443
2014-06-21,437
2014-06-22,428
2014-06-23,413
2014-06-24,404
2014-06-25,404
2014-06-26,418
2014-06-27,417
2014-06-28,412
2014-06-29,416
2014-06-30,406
2014-07-01,401
2014-07-02,407
2014-07-03,416
2014-07-04,409
2014-07-05,404
2014-07-06,400
2014-07-07,391
2014-07-08,389
2014-07-09,407
2014-07-10,407
2014-07-11,410
2014-07-12,400
2014-07-13,394
2014-07-14,385
2014-07-15,378
2014-07-16,373
2014-07-17,377
2014-07-18,387
2014-07-19,387
2014-07-20,382
2014-07-21,385
2014-07-22,388
2014-07-23,389
2014-07-24,401
2014-07-25,412
2014-07-26,407
2014-07-27,390
2014-07-28,373
2014-07-29,370
2014-07-30,369
2014-07-31,366
2014-08-01,368
2014-08-02,373
2014-08-03,374
2014-08-04,369
2014-08-05,366
2014-08-06,370
2014-08-07,371
2014-08-08,371
2014-08-09,372
2014-08-10,375
2014-08-11,382
2014-08-12,379
2014-08-13,375
2014-08-14,374
2014-08-15,378
2014-08-16,381
2014-08-17,382
2014-08-18,375
2014-08-19,367
2014-08-20,366
2014-08-21,360
2014-08-22,357
2014-08-23,346
2014-08-24,334
2014-08-25,320
2014-08-26,305
2014-08-27,295
2014-08-28,280
2014-08-29,268
2014-08-30,255
2014-08-31,243
2014-09-01,247
2014-09-02,258
2014-09-03,270
2014-09-04,281
2014-09-05,272
2014-09-06,260
2014-09-07,259
2014-09-08,254
2014-09-09,249
2014-09-10,244
2014-09-11,236
2014-09-12,228
2014-09-13,240
2014-09-14,252
2014-09-15,265
2014-09-16,279
2014-09-17,291
2014-09-18,300
2014-09-19,306
2014-09-20,299
2014-09-21,290
2014-09-22,284
2014-09-23,271
2014-09-24,275
2014-09-25,281
2014-09-26,291
2014-09-27,290
2014-09-28,295
2014-09-29,296
2014-09-30,296
2014-10-01,296
2014-10-02,297
2014-10-03,297
2014-10-04,302
2014-10-05,293
2014-10-06,293
2014-10-07,299
2014-10-08,304
2014-10-09,315
2014-10-10,323
2014-10-11,326
2014-10-12,322
2014-10-13,320
2014-10-14,315
2014-10-15,312
2014-10-16,306
2014-10-17,300
2014-10-18,294
2014-10-19,291
2014-10-20,292
2014-10-21,287
2014-10-22,286
2014-10-23,280
2014-10-24,279
2014-10-25,285
2014-10-26,289
2014-10-27,283
2014-10-28,278
2014-10-29,278
2014-10-30,276
2014-10-31,277
2014-11-01,280
2014-11-02,273
2014-11-03,270
2014-11-04,260
2014-11-05,261
2014-11-06,257
2014-11-07,249
2014-11-08,254
2014-11-09,252
2014-11-10,258
2014-11-11,264
2014-11-12,263
2014-11-13,262
2014-11-14,257
2014-11-15,256
2014-11-16,250
2014-11-17,246
2014-11-18,242
2014-11-19,243
2014-11-20,241
2014-11-21,237
2014-11-22,237
2014-11-23,246
2014-11-24,254
2014-11-25,256
2014-11-26,265
2014-11-27,269
2014-11-28,261
2014-11-29,260
2014-11-30,267
2014-12-01,275
2014-12-02,279
2014-12-03,279
2014-12-04,281
2014-12-05,279
2014-12-06,292
2014-12-07,307
2014-12-08,301
2014-12-09,285
2014-12-10,273
2014-12-11,272
2014-12-12,262
2014-12-13,261
2014-12-14,262
2014-12-15,264
2014-12-16,263
2014-12-17,265
2014-12-18,266
2014-12-19,266
2014-12-20,268
2014-12-21,267
2014-12-22,263
2014-12-23,262
2014-12-24,259
2014-12-25,257
2014-12-26,255
2014-12-27,252
2014-12-28,253
2014-12-29,250
2014-12-30,247
2014-12-31,251
2015-01-01,255
2015-01-02,255
2015-01-03,257
2015-01-04,261
2015-01-05,265
2015-01-06,261
2015-01-07,262
2015-01-08,262
2015-01-09,260
2015-01-10,257
2015-01-11,251
2015-01-12,253
2015-01-13,253
2015-01-14,258
2015-01-15,259
2015-01-16,260
2015-01-17,265
2015-01-18,275
2015-01-19,287
2015-01-20,291
2015-01-21,294
2015-01-22,290
2015-01-23,284
2015-01-24,279
2015-01-25,276
2015-01-26,270
2015-01-27,269
2015-01-28,269
2015-01-29,271
2015-01-30,272
2015-01-31,271
2015-02-01,280
2015-02-02,274
2015-02-03,275
2015-02-04,271
2015-02-05,266
2015-02-06,261
2015-02-07,260
2015-02-08,258
2015-02-09,256
2015-02-10,254
2015-02-11,255
2015-02-12,257
2015-02-13,255
2015-02-14,254
2015-02-15,257
2015-02-16,259
2015-02-17,266
2015-02-18,276
2015-02-19,281
2015-02-20,288
2015-02-21,284
2015-02-22,280
2015-02-23,275
2015-02-24,269
2015-02-25,269
2015-02-26,265
2015-02-27,261
2015-02-28,256
2015-03-01,253
2015-03-02,249
2015-03-03,247
2015-03-04,244
2015-03-05,241
2015-03-06,242
2015-03-07,240
2015-03-08,240
2015-03-09,242
2015-03-10,247
2015-03-11,249
2015-03-12,250
2015-03-13,247
2015-03-14,244
2015-03-15,241
2015-03-16,237
2015-03-17,236
2015-03-18,234
2015-03-19,231
2015-03-20,228
2015-03-21,226
2015-03-22,223
2015-03-23,220
2015-03-24,213
2015-03-25,205
2015-03-26,202
2015-03-27,203
2015-03-28,202
2015-03-29,203
2015-03-30,203
2015-03-31,203
2015-04-01,204
2015-04-02,205
2015-04-03,204
2015-04-04,206
2015-04-05,204
2015-04-06,203
2015-04-07,206
2015-04-08,207
2015-04-09,213
2015-04-10,220
2015-04-11,224
2015-04-12,225
2015-04-13,224
2015-04-14,218
2015-04-15,214
2015-04-16,211
2015-04-17,209
2015-04-18,208
2015-04-19,206
2015-04-20,205
2015-04-21,208
2015-04-22,209
2015-04-23,205
2015-04-24,206
2015-04-25,205
2015-04-26,202
2015-04-27,198
2015-04-28,194
2015-04-29,193
2015-04-30,201
2015-05-01,212
2015-05-02,223
2015-05-03,235
2015-05-04,243
2015-05-05,231
2015-05-06,221
2015-05-07,216
2015-05-08,213
2015-05-09,210
2015-05-10,208
2015-05-11,208
2015-05-12,210
2015-05-13,211
2015-05-14,212
2015-05-15,214
2015-05-16,216
2015-05-17,219
2015-05-18,220
2015-05-19,220
2015-05-20,220
2015-05-21,216
2015-05-22,214
2015-05-23,211
2015-05-24,210
2015-05-25,210
2015-05-26,216
2015-05-27,223
2015-05-28,225
2015-05-29,227
2015-05-30,231
2015-05-31,238
2015-06-01,241
2015-06-02,239
2015-06-03,234
2015-06-04,231
2015-06-05,228
2015-06-06,222
2015-06-07,217
2015-06-08,219
2015-06-09,223
2015-06-10,232
2015-06-11,229
2015-06-12,226
2015-06-13,224
2015-06-14,220
2015-06-15,220
2015-06-16,218
2015-06-17,221
2015-06-18,221
2015-06-19,217
2015-06-20,220
2015-06-21,221
2015-06-22,222
2015-06-23,223
2015-06-24,220
2015-06-25,216
2015-06-26,214
2015-06-27,220
2015-06-28,219
2015-06-29,218
2015-06-30,215
2015-07-01,210
2015-07-02,207
2015-07-03,212
2015-07-04,208
2015-07-05,206
2015-07-06,202
2015-07-07,204
2015-07-08,209
2015-07-09,209
2015-07-10,209
2015-07-11,207
2015-07-12,205
2015-07-13,204
2015-07-14,204
2015-07-15,205
2015-07-16,204
2015-07-17,205
2015-07-18,203
2015-07-19,201
2015-07-20,205
2015-07-21,206
2015-07-22,206
2015-07-23,205
2015-07-24,207
2015-07-25,204
2015-07-26,203
2015-07-27,202
2015-07-28,206
2015-07-29,206
2015-07-30,207
2015-07-31,210
2015-08-01,214
2015-08-02,216
2015-08-03,218
2015-08-04,224
2015-08-05,231
2015-08-06,237
2015-08-07,235
2015-08-08,230
2015-08-09,223
2015-08-10,219
2015-08-11,214
2015-08-12,213
2015-08-13,211
2015-08-14,212
2015-08-15,217
2015-08-16,226
2015-08-17,226
2015-08-18,229
2015-08-19,226
2015-08-20,224
2015-08-21,219
2015-08-22,220
2015-08-23,217
2015-08-24,215
2015-08-25,214
2015-08-26,212
2015-08-27,214
2015-08-28,221
2015-08-29,229
2015-08-30,231
2015-08-31,238
2015-09-01,243
2015-09-02,246
2015-09-03,250
2015-09-04,255
2015-09-05,262
2015-09-06,264
2015-09-07,270
2015-09-08,272
2015-09-09,271
2015-09-10,269
2015-09-11,269
2015-09-12,274
2015-09-13,275
2015-09-14,271
2015-09-15,267
2015-09-16,263
2015-09-17,260
2015-09-18,256
2015-09-19,252
2015-09-20,249
2015-09-21,240
2015-09-22,234
2015-09-23,231
2015-09-24,234
2015-09-25,237
2015-09-26,241
2015-09-27,239
2015-09-28,232
2015-09-29,225
2015-09-30,222
2015-10-01,226
2015-10-02,232
2015-10-03,239
2015-10-04,246
2015-10-05,254
2015-10-06,256
2015-10-07,254
2015-10-08,253
2015-10-09,251
2015-10-10,253
2015-10-11,255
2015-10-12,255
2015-10-13,249
2015-10-14,243
2015-10-15,243
2015-10-16,247
2015-10-17,248
2015-10-18,256
2015-10-19,261
2015-10-20,275
2015-10-21,288
2015-10-22,303
2015-10-23,319
2015-10-24,335
2015-10-25,351
2015-10-26,343
2015-10-27,346
2015-10-28,342
2015-10-29,332
2015-10-30,315
2015-10-31,299
2015-11-01,289
2015-11-02,285
2015-11-03,279
2015-11-04,275
2015-11-05,274
2015-11-06,271
2015-11-07,269
2015-11-08,268
2015-11-09,270
2015-11-10,268
2015-11-11,273
2015-11-12,279
2015-11-13,289
2015-11-14,292
2015-11-15,290
2015-11-16,287
2015-11-17,288
2015-11-18,292
2015-11-19,295
2015-11-20,291
2015-11-21,290
2015-11-22,289
2015-11-23,287
2015-11-24,289
2015-11-25,295
2015-11-26,298
2015-11-27,306
2015-11-28,315
2015-11-29,316
2015-11-30,317
2015-12-01,318
2015-12-02,325
2015-12-03,327
2015-12-04,328
2015-12-05,328
2015-12-06,331
2015-12-07,331
2015-12-08,342
2015-12-09,342
2015-12-10,349
2015-12-11,362
2015-12-12,370
2015-12-13,369
2015-12-14,367
2015-12-15,367
2015-12-16,369
2015-12-17,369
2015-12-18,370
2015-12-19,367
2015-12-20,365
2015-12-21,365
2015-12-22,369
2015-12-23,368
2015-12-24,368
2015-12-25,370
2015-12-26,367
2015-12-27,365
2015-12-28,360
2015-12-29,346
2015-12-30,328
2015-12-31,311
2016-01-01,297
2016-01-02,293
2016-01-03,297
2016-01-04,305
2016-01-05,319
2016-01-06,329
2016-01-07,335
2016-01-08,343
2016-01-09,356
2016-01-10,352
2016-01-11,340
2016-01-12,324
2016-01-13,313
2016-01-14,308
2016-01-15,305
2016-01-16,310
2016-01-17,309
2016-01-18,315
2016-01-19,315
2016-01-20,314
2016-01-21,309
2016-01-22,307
2016-01-23,305
2016-01-24,310
2016-01-25,313
2016-01-26,325
2016-01-27,334
2016-01-28,338
2016-01-29,328
2016-01-30,321
2016-01-31,327
2016-02-01,327
2016-02-02,337
2016-02-03,348
2016-02-04,366
2016-02-05,380
2016-02-06,384
2016-02-07,380
2016-02-08,397
2016-02-09,416
2016-02-10,437
2016-02-11,456
2016-02-12,466
2016-02-13,467
2016-02-14,474
2016-02-15,474
2016-02-16,469
2016-02-17,469
2016-02-18,474
2016-02-19,494
2016-02-20,499
2016-02-21,497
2016-02-22,497
2016-02-23,482
2016-02-24,470
2016-02-25,458
2016-02-26,453
2016-02-27,440
2016-02-28,425
2016-02-29,410
2016-03-01,389
2016-03-02,369
2016-03-03,350
2016-03-04,333
2016-03-05,320
2016-03-06,316
2016-03-07,325
2016-03-08,329
2016-03-09,342
2016-03-10,350
2016-03-11,347
2016-03-12,344
2016-03-13,340
2016-03-14,335
2016-03-15,332
2016-03-16,328
2016-03-17,326
2016-03-18,324
2016-03-19,322
2016-03-20,319
2016-03-21,315
2016-03-22,312
2016-03-23,309
2016-03-24,305
2016-03-25,301
2016-03-26,305
2016-03-27,302
2016-03-28,305
2016-03-29,303
2016-03-30,311
2016-03-31,317
2016-04-01,316
2016-04-02,312
2016-04-03,313
2016-04-04,324
2016-04-05,330
2016-04-06,326
2016-04-07,330
2016-04-08,335
2016-04-09,334
2016-04-10,331
2016-04-11,324
2016-04-12,316
2016-04-13,305
2016-04-14,303
2016-04-15,303
2016-04-16,309
2016-04-17,312
2016-04-18,320
2016-04-19,320
2016-04-20,322
2016-04-21,320
2016-04-22,319
2016-04-23,319
2016-04-24,316
2016-04-25,316
2016-04-26,313
2016-04-27,311
2016-04-28,310
2016-04-29,309
2016-04-30,310
2016-05-01,316
2016-05-02,316
2016-05-03,323
2016-05-04,329
2016-05-05,331
2016-05-06,329
2016-05-07,328
2016-05-08,328
2016-05-09,329
2016-05-10,332
2016-05-11,330
2016-05-12,328
2016-05-13,327
2016-05-14,324
2016-05-15,322
2016-05-16,322
2016-05-17,319
2016-05-18,316
2016-05-19,318
2016-05-20,320
2016-05-21,318
2016-05-22,320
2016-05-23,320
2016-05-24,324
2016-05-25,327
2016-05-26,326
2016-05-27,325
2016-05-28,323
2016-05-29,325
2016-05-30,329
2016-05-31,333
2016-06-01,333
2016-06-02,336
2016-06-03,347
2016-06-04,346
2016-06-05,347
2016-06-06,346
2016-06-07,344
2016-06-08,350
2016-06-09,352
2016-06-10,348
2016-06-11,348
2016-06-12,345
2016-06-13,345
2016-06-14,343
2016-06-15,341
2016-06-16,338
2016-06-17,339
2016-06-18,338
2016-06-19,339
2016-06-20,337
2016-06-21,337
2016-06-22,337
2016-06-23,336
2016-06-24,333
2016-06-25,329
2016-06-26,325
2016-06-27,325
2016-06-28,323
2016-06-29,322
2016-06-30,319
2016-07-01,317
2016-07-02,319
2016-07-03,327
2016-07-04,327
2016-07-05,328
2016-07-06,326
2016-07-07,329
2016-07-08,332
2016-07-09,334
2016-07-10,335
2016-07-11,342
2016-07-12,341
2016-07-13,339
2016-07-14,338
2016-07-15,338
2016-07-16,340
2016-07-17,343
2016-07-18,345
2016-07-19,348
2016-07-20,353
2016-07-21,351
2016-07-22,350
2016-07-23,349
2016-07-24,348
2016-07-25,348
2016-07-26,347
2016-07-27,346
2016-07-28,346
2016-07-29,345
2016-07-30,345
2016-07-31,346
2016-08-01,343
2016-08-02,344
2016-08-03,348
2016-08-04,352
2016-08-05,351
2016-08-06,348
2016-08-07,337
2016-08-08,337
2016-08-09,329
2016-08-10,326
2016-08-11,322
2016-08-12,320
2016-08-13,327
2016-08-14,329
2016-08-15,338
2016-08-16,339
2016-08-17,346
2016-08-18,346
2016-08-19,346
2016-08-20,350
2016-08-21,355
2016-08-22,355
2016-08-23,353
2016-08-24,356
2016-08-25,362
2016-08-26,367
2016-08-27,366
2016-08-28,366
2016-08-29,376
2016-08-30,384
2016-08-31,392
2016-09-01,405
2016-09-02,409
2016-09-03,405
2016-09-04,403
2016-09-05,400
2016-09-06,394
2016-09-07,389
2016-09-08,385
2016-09-09,378
2016-09-10,378
2016-09-11,376
2016-09-12,375
2016-09-13,375
2016-09-14,367
2016-09-15,369
2016-09-16,366
2016-09-17,367
2016-09-18,370
2016-09-19,373
2016-09-20,373
2016-09-21,371
2016-09-22,378
2016-09-23,378
2016-09-24,375
2016-09-25,374
2016-09-26,367
2016-09-27,362
2016-09-28,360
2016-09-29,356
2016-09-30,352
2016-10-01,347
2016-10-02,339
2016-10-03,335
2016-10-04,331
2016-10-05,328
2016-10-06,326
2016-10-07,323
2016-10-08,320
2016-10-09,322
2016-10-10,322
2016-10-11,328
2016-10-12,328
2016-10-13,327
2016-10-14,325
2016-10-15,324
2016-10-16,324
2016-10-17,324
2016-10-18,325
2016-10-19,327
2016-10-20,327
2016-10-21,326
2016-10-22,332
2016-10-23,332
2016-10-24,333
2016-10-25,331
2016-10-26,330
2016-10-27,330
2016-10-28,333
2016-10-29,332
2016-10-30,335
2016-10-31,336
2016-11-01,335
2016-11-02,334
2016-11-03,333
2016-11-04,331
2016-11-05,331
2016-11-06,330
2016-11-07,330
2016-11-08,332
2016-11-09,331
2016-11-10,335
2016-11-11,338
2016-11-12,343
2016-11-13,339
2016-11-14,335
2016-11-15,333
2016-11-16,333
2016-11-17,333
2016-11-18,331
2016-11-19,328
2016-11-20,326
2016-11-21,325
2016-11-22,324
2016-11-23,324
2016-11-24,325
2016-11-25,326
2016-11-26,327
2016-11-27,330
2016-11-28,340
2016-11-29,339
2016-11-30,334
2016-12-01,334
2016-12-02,340
2016-12-03,341
2016-12-04,345
2016-12-05,347
2016-12-06,350
2016-12-07,353
2016-12-08,349
2016-12-09,349
2016-12-10,353
2016-12-11,363
2016-12-12,367
2016-12-13,362
2016-12-14,353
2016-12-15,346
2016-12-16,338
2016-12-17,333
2016-12-18,330
2016-12-19,330
2016-12-20,326
2016-12-21,323
2016-12-22,324
2016-12-23,323
2016-12-24,319
2016-12-25,315
2016-12-26,317
2016-12-27,312
2016-12-28,310
2016-12-29,303
2016-12-30,308
2016-12-31,309
2017-01-01,318
2017-01-02,323
2017-01-03,323
2017-01-04,320
2017-01-05,318
2017-01-06,316
2017-01-07,313
2017-01-08,315
2017-01-09,316
2017-01-10,316
2017-01-11,315
2017-01-12,314
2017-01-13,312
2017-01-14,312
2017-01-15,311
2017-01-16,307
2017-01-17,309
2017-01-18,307
2017-01-19,307
2017-01-20,308
2017-01-21,306
2017-01-22,308
2017-01-23,308
2017-01-24,310
2017-01-25,312
2017-01-26,315
2017-01-27,318
2017-01-28,320
2017-01-29,318
2017-01-30,316
2017-01-31,316
2017-02-01,311
2017-02-02,308
2017-02-03,307
2017-02-04,307
2017-02-05,307
2017-02-06,306
2017-02-07,306
2017-02-08,308
2017-02-09,307
2017-02-10,308
2017-02-11,310
2017-02-12,306
2017-02-13,306
2017-02-14,307
2017-02-15,307
2017-02-16,308
2017-02-17,307
2017-02-18,302
2017-02-19,301
2017-02-20,300
2017-02-21,300
2017-02-22,301
2017-02-23,301
2017-02-24,300
2017-02-25,299
2017-02-26,298
2017-02-27,298
2017-02-28,298
2017-03-01,295
2017-03-02,293
2017-03-03,293
2017-03-04,292
2017-03-05,293
2017-03-06,291
2017-03-07,288
2017-03-08,287
2017-03-09,282
2017-03-10,275
2017-03-11,273
2017-03-12,272
2017-03-13,273
2017-03-14,275
2017-03-15,278
2017-03-16,281
2017-03-17,286
2017-03-18,287
2017-03-19,287
2017-03-20,291
2017-03-21,291
2017-03-22,293
2017-03-23,296
2017-03-24,297
2017-03-25,298
2017-03-26,296
2017-03-27,293
2017-03-28,290
2017-03-29,288
2017-03-30,287
2017-03-31,291
2017-04-01,290
2017-04-02,291
2017-04-03,290
2017-04-04,289
2017-04-05,288
2017-04-06,288
2017-04-07,291
2017-04-08,290
2017-04-09,290
2017-04-10,289
2017-04-11,288
2017-04-12,288
2017-04-13,289
2017-04-14,289
2017-04-15,289
2017-04-16,290
2017-04-17,295
2017-04-18,298
2017-04-19,296
2017-04-20,296
2017-04-21,293
2017-04-22,294
2017-04-23,297
2017-04-24,295
2017-04-25,298
2017-04-26,305
2017-04-27,303
2017-04-28,301
2017-04-29,299
2017-04-30,295
2017-05-01,293
2017-05-02,292
2017-05-03,297
2017-05-04,295
2017-05-05,291
2017-05-06,291
2017-05-07,290
2017-05-08,289
2017-05-09,291
2017-05-10,290
2017-05-11,290
2017-05-12,296
2017-05-13,298
2017-05-14,297
2017-05-15,295
2017-05-16,291
2017-05-17,289
2017-05-18,285
2017-05-19,291
2017-05-20,294
2017-05-21,293
2017-05-22,291
2017-05-23,280
2017-05-24,277
2017-05-25,277
2017-05-26,280
2017-05-27,283
2017-05-28,286
2017-05-29,285
2017-05-30,283
2017-05-31,283
2017-06-01,280
2017-06-02,279
2017-06-03,280
2017-06-04,280
2017-06-05,279
2017-06-06,277
2017-06-07,276
2017-06-08,275
2017-06-09,274
2017-06-10,274
2017-06-11,269
2017-06-12,263
2017-06-13,259
2017-06-14,257
2017-06-15,256
2017-06-16,255
2017-06-17,254
2017-06-18,252
2017-06-19,251
2017-06-20,248
2017-06-21,246
2017-06-22,243
2017-06-23,238
2017-06-24,235
2017-06-25,229
2017-06-26,225
2017-06-27,223
2017-06-28,221
2017-06-29,222
2017-06-30,225
2017-07-01,226
2017-07-02,223
2017-07-03,220
2017-07-04,215
2017-07-05,213
2017-07-06,211
2017-07-07,211
2017-07-08,211
2017-07-09,211
2017-07-10,209
2017-07-11,208
2017-07-12,205
2017-07-13,209
2017-07-14,212
2017-07-15,215
2017-07-16,217
2017-07-17,214
2017-07-18,215
2017-07-19,217
2017-07-20,220
2017-07-21,225
2017-07-22,227
2017-07-23,226
2017-07-24,225
2017-07-25,223
2017-07-26,222
2017-07-27,218
2017-07-28,221
2017-07-29,221
2017-07-30,220
2017-07-31,218
2017-08-01,215
2017-08-02,215
2017-08-03,214
2017-08-04,213
2017-08-05,216
2017-08-06,219
2017-08-07,220
2017-08-08,220
2017-08-09,219
2017-08-10,211
2017-08-11,211
2017-08-12,211
2017-08-13,211
2017-08-14,212
2017-08-15,214
2017-08-16,216
2017-08-17,222
2017-08-18,225
2017-08-19,224
2017-08-20,223
2017-08-21,222
2017-08-22,223
2017-08-23,224
2017-08-24,224
2017-08-25,223
2017-08-26,222
2017-08-27,220
2017-08-28,219
2017-08-29,220
2017-08-30,218
2017-08-31,217
2017-09-01,214
2017-09-02,216
2017-09-03,217
2017-09-04,217
2017-09-05,217
2017-09-06,218
2017-09-07,218
2017-09-08,217
2017-09-09,220
2017-09-10,219
2017-09-11,218
2017-09-12,218
2017-09-13,220
2017-09-14,221
2017-09-15,221
2017-09-16,223
2017-09-17,224
2017-09-18,222
2017-09-19,221
2017-09-20,219
2017-09-21,217
2017-09-22,217
2017-09-23,216
2017-09-24,217
2017-09-25,217
2017-09-26,220
2017-09-27,218
2017-09-28,217
2017-09-29,217
2017-09-30,217
2017-10-01,218
2017-10-02,218
2017-10-03,226
2017-10-04,234
2017-10-05,234
2017-10-06,229
2017-10-07,227
2017-10-08,225
2017-10-09,222
2017-10-10,221
2017-10-11,220
2017-10-12,220
2017-10-13,219
2017-10-14,219
2017-10-15,219
2017-10-16,219
2017-10-17,216
2017-10-18,215
2017-10-19,213
2017-10-20,212
2017-10-21,211
2017-10-22,213
2017-10-23,211
2017-10-24,207
2017-10-25,205
2017-10-26,204
2017-10-27,202
2017-10-28,201
2017-10-29,201
2017-10-30,201
2017-10-31,202
2017-11-01,203
2017-11-02,203
2017-11-03,206
2017-11-04,207
2017-11-05,209
2017-11-06,205
2017-11-07,205
2017-11-08,204
2017-11-09,204
2017-11-10,205
2017-11-11,206
2017-11-12,207
2017-11-13,207
2017-11-14,208
2017-11-15,207
2017-11-16,208
2017-11-17,206
2017-11-18,203
2017-11-19,197
2017-11-20,201
2017-11-21,204
2017-11-22,207
2017-11-23,208
2017-11-24,208
2017-11-25,210
2017-11-26,210
2017-11-27,210
2017-11-28,209
2017-11-29,209
2017-11-30,207
2017-12-01,206
2017-12-02,206
2017-12-03,207
2017-12-04,210
2017-12-05,207
2017-12-06,205
2017-12-07,204
2017-12-08,201
2017-12-09,202
2017-12-10,201
2017-12-11,201
2017-12-12,199
2017-12-13,197
2017-12-14,197
2017-12-15,197
2017-12-16,197
2017-12-17,198
2017-12-18,198
2017-12-19,205
2017-12-20,204
2017-12-21,203
2017-12-22,201
2017-12-23,201
2017-12-24,202
2017-12-25,202
2017-12-26,198
2017-12-27,196
2017-12-28,197
2017-12-29,197
2017-12-30,195
2017-12-31,195
2018-01-01,193
2018-01-02,193
2018-01-03,193
2018-01-04,194
2018-01-05,198
2018-01-06,207
2018-01-07,214
2018-01-08,209
2018-01-09,203
2018-01-10,197
2018-01-11,195
2018-01-12,195
2018-01-13,198
2018-01-14,199
2018-01-15,201
2018-01-16,201
2018-01-17,201
2018-01-18,201
2018-01-19,200
2018-01-20,199
2018-01-21,199
2018-01-22,199
2018-01-23,201
2018-01-24,201
2018-01-25,201
2018-01-26,197
2018-01-27,196
2018-01-28,197
2018-01-29,197
2018-01-30,198
2018-01-31,199
2018-02-01,203
2018-02-02,203
2018-02-03,202
2018-02-04,201
2018-02-05,201
2018-02-06,201
2018-02-07,200
2018-02-08,199
2018-02-09,199
2018-02-10,198
2018-02-11,198
2018-02-12,198
2018-02-13,198
2018-02-14,198
2018-02-15,199
2018-02-16,197
2018-02-17,198
2018-02-18,198
2018-02-19,197
2018-02-20,195
2018-02-21,195
2018-02-22,194
2018-02-23,196
2018-02-24,196
2018-02-25,195
2018-02-26,196
2018-02-27,194
2018-02-28,198
2018-03-01,198
2018-03-02,198
2018-03-03,198
2018-03-04,199
2018-03-05,200
2018-03-06,198
2018-03-07,196
2018-03-08,196
2018-03-09,198
2018-03-10,198
2018-03-11,198
2018-03-12,196
2018-03-13,198
2018-03-14,197
2018-03-15,197
2018-03-16,197
2018-03-17,198
2018-03-18,200
2018-03-19,200
2018-03-20,200
2018-03-21,200
2018-03-22,199
2018-03-23,199
2018-03-24,200
2018-03-25,199
2018-03-26,199
2018-03-27,197
2018-03-28,197
2018-03-29,195
2018-03-30,193
2018-03-31,186
2018-04-01,184
2018-04-02,187
2018-04-03,189
2018-04-04,194
2018-04-05,197
2018-04-06,198
2018-04-07,197
2018-04-08,197
2018-04-09,197
2018-04-10,197
2018-04-11,197
2018-04-12,195
2018-04-13,196
2018-04-14,196
2018-04-15,197
2018-04-16,197
2018-04-17,197
2018-04-18,196
2018-04-19,195
2018-04-20,196
2018-04-21,195
2018-04-22,197
2018-04-23,195
2018-04-24,195
2018-04-25,195
2018-04-26,194
2018-04-27,197
2018-04-28,195
2018-04-29,194
2018-04-30,192
2018-05-01,192
2018-05-02,193
2018-05-03,193
2018-05-04,194
2018-05-05,194
2018-05-06,194
2018-05-07,194
2018-05-08,193
2018-05-09,193
2018-05-10,193
2018-05-11,192
2018-05-12,192
2018-05-13,191
2018-05-14,189
2018-05-15,188
2018-05-16,189
2018-05-17,190
2018-05-18,190
2018-05-19,191
2018-05-20,191
2018-05-21,192
2018-05-22,192
2018-05-23,191
2018-05-24,192
2018-05-25,192
2018-05-26,192
2018-05-27,192
2018-05-28,192
2018-05-29,192
2018-05-30,190
2018-05-31,190
2018-06-01,194
2018-06-02,193
2018-06-03,192
2018-06-04,193
2018-06-05,193
2018-06-06,192
2018-06-07,193
2018-06-08,193
2018-06-09,193
2018-06-10,192
2018-06-11,191
2018-06-12,188
2018-06-13,186
2018-06-14,183
2018-06-15,184
2018-06-16,182
2018-06-17,183
2018-06-18,183
2018-06-19,181
2018-06-20,179
2018-06-21,177
2018-06-22,176
2018-06-23,176
2018-06-24,176
2018-06-25,179
2018-06-26,182
2018-06-27,186
2018-06-28,190
2018-06-29,188
2018-06-30,187
2018-07-01,191
2018-07-02,188
2018-07-03,185
2018-07-04,184
2018-07-05,182
2018-07-06,181
2018-07-07,182
2018-07-08,187
2018-07-09,184
2018-07-10,182
2018-07-11,183
2018-07-12,184
2018-07-13,186
2018-07-14,188
2018-07-15,190
2018-07-16,189
2018-07-17,190
2018-07-18,192
2018-07-19,197
2018-07-20,199
2018-07-21,198
2018-07-22,199
2018-07-23,195
2018-07-24,195
2018-07-25,195
2018-07-26,195
2018-07-27,196
2018-07-28,199
2018-07-29,204
2018-07-30,205
2018-07-31,201
2018-08-01,197
2018-08-02,196
2018-08-03,196
2018-08-04,195
2018-08-05,195
2018-08-06,193
2018-08-07,193
2018-08-08,193
2018-08-09,194
2018-08-10,193
2018-08-11,193
2018-08-12,193
2018-08-13,193
2018-08-14,192
2018-08-15,193
2018-08-16,193
2018-08-17,193
2018-08-18,192
2018-08-19,191
2018-08-20,190
2018-08-21,189
2018-08-22,188
2018-08-23,188
2018-08-24,180
2018-08-25,180
2018-08-26,177
2018-08-27,179
2018-08-28,183
2018-08-29,187
2018-08-30,186
2018-08-31,189
2018-09-01,189
2018-09-02,183
2018-09-03,184
2018-09-04,186
2018-09-05,192
2018-09-06,194
2018-09-07,194
2018-09-08,195
2018-09-09,199
2018-09-10,202
2018-09-11,207
2018-09-12,216
2018-09-13,215
2018-09-14,209
2018-09-15,202
2018-09-16,195
2018-09-17,195
2018-09-18,198
2018-09-19,202
2018-09-20,202
2018-09-21,197
2018-09-22,192
2018-09-23,190
2018-09-24,190
2018-09-25,191
2018-09-26,193
2018-09-27,195
2018-09-28,199
2018-09-29,199
2018-09-30,198
2018-10-01,198
2018-10-02,197
2018-10-03,199
2018-10-04,198
2018-10-05,198
2018-10-06,199
2018-10-07,196
2018-10-08,195
2018-10-09,192
2018-10-10,196
2018-10-11,196
2018-10-12,197
2018-10-13,198
2018-10-14,198
2018-10-15,197
2018-10-16,196
2018-10-17,196
2018-10-18,195
2018-10-19,195
2018-10-20,195
2018-10-21,194
2018-10-22,193
2018-10-23,191
2018-10-24,191
2018-10-25,192
2018-10-26,194
2018-10-27,192
2018-10-28,189
2018-10-29,187
2018-10-30,187
2018-10-31,188
2018-11-01,187
2018-11-02,187
2018-11-03,186
2018-11-04,181
2018-11-05,179
2018-11-06,181
2018-11-07,180
2018-11-08,181
2018-11-09,184
2018-11-10,185
2018-11-11,186
2018-11-12,187
2018-11-13,188
2018-11-14,191
2018-11-15,194
2018-11-16,196
2018-11-17,195
2018-11-18,193
2018-11-19,191
2018-11-20,186
2018-11-21,183
2018-11-22,182
2018-11-23,180
2018-11-24,181
2018-11-25,183
2018-11-26,185
2018-11-27,188
2018-11-28,189
2018-11-29,190
2018-11-30,191
2018-12-01,191
2018-12-02,189
2018-12-03,187
2018-12-04,187
2018-12-05,187
2018-12-06,187
2018-12-07,187
2018-12-08,186
2018-12-09,185
2018-12-10,188
2018-12-11,186
2018-12-12,186
2018-12-13,185
2018-12-14,181
2018-12-15,173
2018-12-16,171
2018-12-17,175
2018-12-18,172
2018-12-19,169
2018-12-20,166
2018-12-21,160
2018-12-22,159
2018-12-23,155
2018-12-24,155
2018-12-25,157
2018-12-26,160
2018-12-27,163
2018-12-28,161
2018-12-29,161
2018-12-30,163
2018-12-31,162
2019-01-01,160
2019-01-02,157
2019-01-03,161
2019-01-04,168
2019-01-05,173
2019-01-06,174
2019-01-07,174
2019-01-08,167
2019-01-09,165
2019-01-10,168
2019-01-11,175
2019-01-12,182
2019-01-13,192
2019-01-14,202
2019-01-15,213
2019-01-16,224
2019-01-17,228
2019-01-18,223
2019-01-19,221
2019-01-20,217
2019-01-21,215
2019-01-22,215
2019-01-23,219
2019-01-24,221
2019-01-25,228
2019-01-26,237
2019-01-27,227
2019-01-28,225
2019-01-29,231
2019-01-30,243
2019-01-31,256
2019-02-01,269
2019-02-02,283
2019-02-03,298
2019-02-04,311
2019-02-05,324
2019-02-06,340
2019-02-07,345
2019-02-08,354
2019-02-09,359
2019-02-10,355
2019-02-11,344
2019-02-12,336
2019-02-13,332
2019-02-14,327
2019-02-15,327
2019-02-16,339
2019-02-17,343
2019-02-18,358
2019-02-19,369
2019-02-20,375
2019-02-21,376
2019-02-22,361
2019-02-23,343
2019-02-24,330
2019-02-25,343
2019-02-26,357
2019-02-27,369
2019-02-28,372
2019-03-01,372
2019-03-02,377
2019-03-03,379
2019-03-04,369
2019-03-05,362
2019-03-06,368
2019-03-07,382
2019-03-08,381
2019-03-09,381
2019-03-10,388
2019-03-11,384
2019-03-12,378
2019-03-13,383
2019-03-14,389
2019-03-15,408
2019-03-16,422
2019-03-17,414
2019-03-18,420
2019-03-19,434
2019-03-20,452
2019-03-21,468
2019-03-22,476
2019-03-23,475
2019-03-24,483
2019-03-25,474
2019-03-26,466
2019-03-27,444
2019-03-28,433
2019-03-29,433
2019-03-30,436
2019-03-31,436
2019-04-01,436
2019-04-02,453
2019-04-03,452
2019-04-04,450
2019-04-05,467
2019-04-06,467
2019-04-07,489
2019-04-08,481
2019-04-09,481
2019-04-10,481
2019-04-11,485
2019-04-12,468
2019-04-13,454
2019-04-14,442
2019-04-15,436
2019-04-16,421
2019-04-17,400
2019-04-18,380
2019-04-19,380
2019-04-20,361
2019-04-21,373
2019-04-22,390
2019-04-23,394
2019-04-24,402
2019-04-25,418
2019-04-26,419
2019-04-27,411
2019-04-28,411
2019-04-29,423
2019-04-30,433
2019-05-01,454
2019-05-02,458
2019-05-03,470
2019-05-04,486
2019-05-05,486
2019-05-06,491
2019-05-07,479
2019-05-08,479
2019-05-09,472
2019-05-10,481
2019-05-11,485
2019-05-12,494
2019-05-13,474
2019-05-14,454
2019-05-15,438
2019-05-16,422
2019-05-17,412
2019-05-18,412
2019-05-19,405
2019-05-20,400
2019-05-21,408
2019-05-22,406
2019-05-23,414
2019-05-24,413
2019-05-25,413
2019-05-26,425
2019-05-27,437
2019-05-28,425
2019-05-29,407
2019-05-30,403
2019-05-31,397
2019-06-01,383
2019-06-02,383
2019-06-03,393
2019-06-04,406
2019-06-05,417
2019-06-06,432
2019-06-07,445
2019-06-08,452
2019-06-09,455
2019-06-10,468
2019-06-11,483
2019-06-12,490
2019-06-13,490
2019-06-14,487
2019-06-15,480
2019-06-16,498
2019-06-17,506
2019-06-18,491
2019-06-19,503
2019-06-20,516
2019-06-21,498
2019-06-22,474
2019-06-23,465
2019-06-24,448
2019-06-25,439
2019-06-26,445
2019-06-27,459
2019-06-28,475
2019-06-29,475
2019-06-30,461
2019-07-01,438
2019-07-02,421
2019-07-03,413
2019-07-04,433
2019-07-05,433
2019-07-06,452
2019-07-07,452
2019-07-08,467
2019-07-09,489
2019-07-10,493
2019-07-11,495
2019-07-12,506
2019-07-13,494
2019-07-14,472
2019-07-15,478
2019-07-16,500
2019-07-17,500
2019-07-18,517
2019-07-19,534
2019-07-20,534
2019-07-21,543
2019-07-22,546
2019-07-23,547
2019-07-24,546
2019-07-25,557
2019-07-26,550
2019-07-27,528
2019-07-28,507
2019-07-29,489
2019-07-30,475
2019-07-31,457
2019-08-01,454
2019-08-02,439
2019-08-03,447
2019-08-04,432
2019-08-05,431
2019-08-06,424
2019-08-07,409
2019-08-08,403
2019-08-09,388
2019-08-10,389
2019-08-11,389
2019-08-12,391
2019-08-13,400
2019-08-14,399
2019-08-15,406
2019-08-16,411
2019-08-17,400
2019-08-18,383
2019-08-19,378
2019-08-20,386
2019-08-21,394
2019-08-22,403
2019-08-23,404
2019-08-24,389
2019-08-25,388
2019-08-26,388
2019-08-27,391
2019-08-28,386
2019-08-29,393
2019-08-30,400
2019-08-31,407
2019-09-01,404
2019-09-02,399
2019-09-03,399
2019-09-04,399
2019-09-05,410
2019-09-06,420
2019-09-07,423
2019-09-08,425
2019-09-09,424
2019-09-10,416
2019-09-11,418
2019-09-12,417
2019-09-13,410
2019-09-14,397
2019-09-15,398
2019-09-16,393
2019-09-17,397
2019-09-18,399
2019-09-19,399
2019-09-20,406
2019-09-21,415
2019-09-22,417
2019-09-23,417
2019-09-24,407
2019-09-25,399
2019-09-26,401
2019-09-27,401
2019-09-28,401
2019-09-29,400
2019-09-30,400
2019-10-01,400
2019-10-02,398
2019-10-03,390
2019-10-04,380
2019-10-05,383
2019-10-06,381
2019-10-07,381
2019-10-08,388
2019-10-09,388
2019-10-10,397
2019-10-11,397
2019-10-12,406
2019-10-13,403
2019-10-14,399
2019-10-15,388
2019-10-16,388
2019-10-17,384
2019-10-18,378
2019-10-19,371
2019-10-20,369
2019-10-21,370
2019-10-22,369
2019-10-23,369
2019-10-24,368
2019-10-25,366
2019-10-26,359
2019-10-27,352
2019-10-28,347
2019-10-29,338
2019-10-30,332
2019-10-31,345
2019-11-01,359
2019-11-02,359
2019-11-03,359
2019-11-04,359
2019-11-05,360
2019-11-06,365
2019-11-07,367
2019-11-08,369
2019-11-09,365
2019-11-10,366
2019-11-11,366
2019-11-12,366
2019-11-13,367
2019-11-14,367
2019-11-15,374
2019-11-16,379
2019-11-17,390
2019-11-18,392
2019-11-19,388
2019-11-20,372
2019-11-21,362
2019-11-22,360
2019-11-23,360
2019-11-24,361
2019-11-25,362
2019-11-26,360
2019-11-27,356
2019-11-28,360
2019-11-29,358
2019-11-30,359
2019-12-01,359
2019-12-02,357
2019-12-03,359
2019-12-04,359
2019-12-05,363
2019-12-06,360
2019-12-07,362
2019-12-08,361
2019-12-09,361
2019-12-10,362
2019-12-11,368
2019-12-12,363
2019-12-13,364
2019-12-14,370
2019-12-15,370
2019-12-16,371
2019-12-17,368
2019-12-18,362
2019-12-19,361
2019-12-20,371
2019-12-21,372
2019-12-22,368
2019-12-23,361
2019-12-24,368
2019-12-25,376
2019-12-26,367
2019-12-27,368
2019-12-28,373
2019-12-29,372
2019-12-30,374
2019-12-31,374
2020-01-01,372
2020-01-02,365
2020-01-03,370
2020-01-04,370
2020-01-05,363
2020-01-06,366
2020-01-07,366
2020-01-08,364
2020-01-09,360
2020-01-10,363
2020-01-11,362
2020-01-12,360
2020-01-13,360
2020-01-14,360
2020-01-15,359
2020-01-16,362
2020-01-17,363
2020-01-18,363
2020-01-19,364
2020-01-20,364
2020-01-21,364
2020-01-22,363
2020-01-23,363
2020-01-24,358
2020-01-25,363
2020-01-26,364
2020-01-27,363
2020-01-28,363
2020-01-29,363
2020-01-30,370
2020-01-31,370
2020-02-01,370
2020-02-02,370
2020-02-03,369
2020-02-04,367
2020-02-05,364
2020-02-06,364
2020-02-07,363
2020-02-08,362
2020-02-09,356
2020-02-10,356
2020-02-11,349
2020-02-12,345
2020-02-13,345
2020-02-14,344
2020-02-15,353
2020-02-16,359
2020-02-17,357
2020-02-18,355
2020-02-19,356
2020-02-20,359
2020-02-21,358
2020-02-22,360
2020-02-23,357
2020-02-24,358
2020-02-25,352
2020-02-26,357
2020-02-27,355
2020-02-28,356
2020-02-29,356
2020-03-01,361
2020-03-02,364
2020-03-03,364
2020-03-04,366
2020-03-05,366
2020-03-06,358
2020-03-07,365
2020-03-08,364
2020-03-09,358
2020-03-10,358
2020-03-11,364
2020-03-12,363
2020-03-13,366
2020-03-14,366
2020-03-15,365
2020-03-16,355
2020-03-17,355
2020-03-18,351
2020-03-19,357
2020-03-20,357
2020-03-21,354
2020-03-22,361
2020-03-23,357
2020-03-24,360
2020-03-25,363
2020-03-26,366
2020-03-27,372
2020-03-28,377
2020-03-29,373
2020-03-30,373
2020-03-31,377
2020-04-01,375
2020-04-02,366
2020-04-03,358
2020-04-04,358
2020-04-05,347
2020-04-06,362
2020-04-07,363
2020-04-08,358
2020-04-09,357
2020-04-10,355
2020-04-11,356
2020-04-12,354
2020-04-13,362
2020-04-14,362
2020-04-15,368
2020-04-16,367
2020-04-17,367
2020-04-18,370
2020-04-19,374
2020-04-20,388
2020-04-21,393
2020-04-22,407
2020-04-23,421
2020-04-24,438
2020-04-25,447
2020-04-26,453
2020-04-27,448
2020-04-28,462
2020-04-29,465
2020-04-30,458
2020-05-01,462
2020-05-02,463
2020-05-03,467
2020-05-04,472
2020-05-05,472
2020-05-06,472
2020-05-07,483
2020-05-08,483
2020-05-09,500
2020-05-10,500
2020-05-11,502
2020-05-12,502
2020-05-13,512
2020-05-14,531
2020-05-15,537
2020-05-16,547
2020-05-17,556
2020-05-18,558
2020-05-19,565
2020-05-20,593
2020-05-21,617
2020-05-22,648
2020-05-23,681
2020-05-24,716
2020-05-25,714
2020-05-26,681
2020-05-27,648
2020-05-28,625
2020-05-29,605
2020-05-30,605
2020-05-31,579
2020-06-01,550
2020-06-02,524
2020-06-03,501
2020-06-04,475
2020-06-05,452
2020-06-06,452
2020-06-07,434
2020-06-08,449
2020-06-09,462
2020-06-10,470
2020-06-11,470
2020-06-12,477
2020-06-13,483
2020-06-14,482
2020-06-15,492
2020-06-16,483
2020-06-17,483
2020-06-18,476
2020-06-19,474
2020-06-20,475
2020-06-21,485
2020-06-22,502
2020-06-23,512
2020-06-24,503
2020-06-25,500
2020-06-26,499
2020-06-27,502
2020-06-28,502
2020-06-29,496
2020-06-30,489
2020-07-01,477
2020-07-02,459
2020-07-03,447
2020-07-04,435
2020-07-05,452
2020-07-06,470
2020-07-07,472
2020-07-08,468
2020-07-09,447
2020-07-10,424
2020-07-11,402
2020-07-12,386
2020-07-13,391
2020-07-14,405
2020-07-15,395
2020-07-16,394
2020-07-17,394
2020-07-18,401
2020-07-19,408
2020-07-20,416
2020-07-21,425
2020-07-22,429
2020-07-23,429
2020-07-24,442
2020-07-25,436
2020-07-26,415
2020-07-27,415
2020-07-28,397
2020-07-29,395
2020-07-30,408
2020-07-31,413
2020-08-01,422
2020-08-02,422
2020-08-03,406
2020-08-04,410
2020-08-05,399
2020-08-06,407
2020-08-07,422
2020-08-08,432
2020-08-09,420
2020-08-10,404
2020-08-11,407
2020-08-12,423
2020-08-13,435
2020-08-14,429
2020-08-15,428
2020-08-16,437
2020-08-17,441
2020-08-18,449
2020-08-19,437
2020-08-20,427
2020-08-21,418
2020-08-22,413
2020-08-23,421
2020-08-24,421
2020-08-25,413
2020-08-26,427
2020-08-27,442
2020-08-28,454
2020-08-29,476
2020-08-30,476
2020-08-31,472
2020-09-01,457
2020-09-02,455
2020-09-03,476
2020-09-04,471
2020-09-05,477
2020-09-06,496
2020-09-07,492
2020-09-08,475
2020-09-09,456
2020-09-10,444
2020-09-11,440
2020-09-12,441
2020-09-13,441
2020-09-14,443
2020-09-15,447
2020-09-16,455
2020-09-17,436
2020-09-18,429
2020-09-19,420
2020-09-20,420
2020-09-21,434
2020-09-22,452
2020-09-23,475
2020-09-24,495
2020-09-25,516
2020-09-26,534
2020-09-27,536
2020-09-28,536
2020-09-29,534
2020-09-30,527
2020-10-01,528
2020-10-02,544
2020-10-03,553
2020-10-04,553
2020-10-05,537
2020-10-06,526
2020-10-07,522
2020-10-08,514
2020-10-09,513
2020-10-10,522
2020-10-11,525
2020-10-12,520
2020-10-13,521
2020-10-14,517
2020-10-15,519
2020-10-16,530
2020-10-17,539
2020-10-18,553
2020-10-19,578
2020-10-20,588
2020-10-21,569
2020-10-22,549
2020-10-23,521
2020-10-24,495
2020-10-25,471
2020-10-26,451
2020-10-27,441
2020-10-28,429
2020-10-29,432
2020-10-30,432
2020-10-31,434
2020-11-01,455
2020-11-02,467
2020-11-03,479
2020-11-04,478
2020-11-05,481
2020-11-06,474
2020-11-07,463
2020-11-08,453
2020-11-09,447
2020-11-10,453
2020-11-11,463
2020-11-12,478
2020-11-13,486
2020-11-14,502
2020-11-15,508
2020-11-16,491
2020-11-17,491
2020-11-18,501
2020-11-19,505
2020-11-20,518
2020-11-21,519
2020-11-22,513
2020-11-23,498
2020-11-24,475
2020-11-25,451
2020-11-26,429
2020-11-27,407
2020-11-28,400
2020-11-29,399
2020-11-30,410
2020-12-01,419
2020-12-02,417
2020-12-03,409
2020-12-04,399
2020-12-05,391
2020-12-06,384
2020-12-07,380
2020-12-08,378
2020-12-09,395
2020-12-10,402
2020-12-11,400
2020-12-12,391
2020-12-13,390
2020-12-14,375
2020-12-15,368
2020-12-16,370
2020-12-17,370
2020-12-18,366
2020-12-19,366
2020-12-20,374
2020-12-21,378
2020-12-22,385
2020-12-23,384
2020-12-24,380
2020-12-25,387
2020-12-26,381
2020-12-27,381
2020-12-28,380
2020-12-29,385
2020-12-30,387
2020-12-31,385
2021-01-01,375
2021-01-02,367
2021-01-03,368
2021-01-04,374
2021-01-05,376
2021-01-06,376
2021-01-07,382
2021-01-08,382
2021-01-09,389
2021-01-10,388
2021-01-11,394
2021-01-12,404
2021-01-13,414
2021-01-14,425
2021-01-15,433
2021-01-16,437
2021-01-17,437
2021-01-18,433
2021-01-19,420
2021-01-20,415
2021-01-21,428
2021-01-22,434
2021-01-23,441
2021-01-24,441
2021-01-25,451
2021-01-26,462
2021-01-27,469
2021-01-28,462
2021-01-29,467
2021-01-30,473
2021-01-31,491
2021-02-01,494
2021-02-02,476
2021-02-03,464
2021-02-04,463
2021-02-05,469
2021-02-06,469
2021-02-07,455
2021-02-08,447
2021-02-09,454
2021-02-10,455
2021-02-11,456
2021-02-12,455
2021-02-13,455
2021-02-14,449
2021-02-15,444
2021-02-16,454
2021-02-17,462
2021-02-18,461
2021-02-19,460
2021-02-20,463
2021-02-21,454
2021-02-22,441
2021-02-23,441
2021-02-24,455
2021-02-25,473
2021-02-26,489
2021-02-27,499
2021-02-28,483
2021-03-01,466
2021-03-02,481
2021-03-03,504
2021-03-04,516
2021-03-05,513
2021-03-06,504
2021-03-07,491
2021-03-08,477
2021-03-09,477
2021-03-10,474
2021-03-11,473
2021-03-12,468
2021-03-13,474
2021-03-14,463
2021-03-15,449
2021-03-16,435
2021-03-17,419
2021-03-18,399
2021-03-19,394
2021-03-20,407
2021-03-21,421
2021-03-22,437
2021-03-23,448
2021-03-24,452
2021-03-25,443
2021-03-26,440
2021-03-27,450
2021-03-28,461
2021-03-29,466
2021-03-30,450
2021-03-31,438
2021-04-01,427
2021-04-02,439
2021-04-03,449
2021-04-04,459
2021-04-05,461
2021-04-06,471
2021-04-07,471
2021-04-08,481
2021-04-09,487
2021-04-10,484
2021-04-11,479
2021-04-12,502
2021-04-13,500
2021-04-14,501
2021-04-15,493
2021-04-16,482
2021-04-17,487
2021-04-18,486
2021-04-19,485
2021-04-20,478
2021-04-21,478
2021-04-22,478
2021-04-23,475
2021-04-24,472
2021-04-25,480
2021-04-26,492
2021-04-27,490
2021-04-28,506
2021-04-29,513
2021-04-30,523
2021-05-01,513
2021-05-02,502
2021-05-03,496
2021-05-04,488
2021-05-05,469
2021-05-06,456
2021-05-07,456
2021-05-08,446
2021-05-09,431
2021-05-10,434
2021-05-11,436
2021-05-12,445
2021-05-13,445
2021-05-14,444
2021-05-15,435
2021-05-16,420
2021-05-17,420
2021-05-18,404
2021-05-19,389
2021-05-20,392
2021-05-21,404
2021-05-22,407
2021-05-23,410
2021-05-24,414
2021-05-25,429
2021-05-26,442
2021-05-27,450
2021-05-28,445
2021-05-29,436
2021-05-30,443
2021-05-31,449
2021-06-01,449
2021-06-02,458
2021-06-03,452
2021-06-04,460
2021-06-05,450
2021-06-06,442
2021-06-07,430
2021-06-08,413
2021-06-09,408
2021-06-10,401
2021-06-11,407
2021-06-12,427
2021-06-13,427
2021-06-14,439
2021-06-15,461
2021-06-16,483
2021-06-17,494
2021-06-18,504
2021-06-19,518
2021-06-20,510
2021-06-21,503
2021-06-22,489
2021-06-23,474
2021-06-24,463
2021-06-25,453
2021-06-26,449
2021-06-27,461
2021-06-28,470
2021-06-29,483
2021-06-30,503
2021-07-01,525
2021-07-02,537
2021-07-03,534
2021-07-04,542
2021-07-05,553
2021-07-06,542
2021-07-07,518
2021-07-08,502
2021-07-09,502
2021-07-10,485
2021-07-11,495
2021-07-12,507
2021-07-13,502
2021-07-14,493
2021-07-15,493
2021-07-16,497
2021-07-17,497
2021-07-18,495
2021-07-19,486
2021-07-20,486
2021-07-21,478
2021-07-22,476
2021-07-23,471
2021-07-24,455
2021-07-25,440
2021-07-26,434
2021-07-27,440
2021-07-28,448
2021-07-29,450
2021-07-30,446
2021-07-31,432
2021-08-01,419
2021-08-02,410
2021-08-03,409
2021-08-04,419
2021-08-05,412
2021-08-06,401
2021-08-07,395
2021-08-08,394
2021-08-09,394
2021-08-10,402
2021-08-11,396
2021-08-12,396
2021-08-13,386
2021-08-14,380
2021-08-15,378
2021-08-16,367
2021-08-17,374
2021-08-18,374
2021-08-19,381
2021-08-20,384
2021-08-21,386
2021-08-22,389
2021-08-23,389
2021-08-24,394
2021-08-25,404
2021-08-26,417
2021-08-27,417
2021-08-28,421
2021-08-29,443
2021-08-30,465
2021-08-31,476
2021-09-01,476
2021-09-02,462
2021-09-03,446
2021-09-04,436
2021-09-05,415
2021-09-06,406
2021-09-07,406
2021-09-08,400
2021-09-09,411
2021-09-10,418
2021-09-11,418
2021-09-12,436
2021-09-13,438
2021-09-14,453
2021-09-15,471
2021-09-16,487
2021-09-17,486
2021-09-18,482
2021-09-19,471
2021-09-20,457
2021-09-21,456
2021-09-22,441
2021-09-23,438
2021-09-24,440
2021-09-25,447
2021-09-26,447
2021-09-27,447
2021-09-28,446
2021-09-29,447
2021-09-30,447
2021-10-01,444
2021-10-02,459
2021-10-03,454
2021-10-04,454
2021-10-05,457
2021-10-06,447
2021-10-07,447
2021-10-08,426
2021-10-09,409
2021-10-10,397
2021-10-11,397
2021-10-12,412
2021-10-13,426
2021-10-14,425
2021-10-15,425
2021-10-16,412
2021-10-17,412
2021-10-18,416
2021-10-19,421
2021-10-20,437
2021-10-21,437
2021-10-22,428
2021-10-23,425
2021-10-24,425
2021-10-25,425
2021-10-26,424
2021-10-27,443
2021-10-28,436
2021-10-29,436
2021-10-30,430
2021-10-31,422
2021-11-01,422
2021-11-02,413
2021-11-03,413
2021-11-04,408
2021-11-05,392
2021-11-06,392
2021-11-07,374
2021-11-08,373
2021-11-09,371
2021-11-10,371
2021-11-11,378
2021-11-12,378
2021-11-13,378
2021-11-14,382
2021-11-15,387
2021-11-16,397
2021-11-17,404
2021-11-18,404
2021-11-19,407
2021-11-20,407
2021-11-21,420
2021-11-22,426
2021-11-23,430
2021-11-24,437
2021-11-25,437
2021-11-26,430
2021-11-27,441
2021-11-28,449
2021-11-29,449
2021-11-30,454
2021-12-01,454
2021-12-02,453
2021-12-03,453
2021-12-04,451
2021-12-05,460
2021-12-06,460
2021-12-07,458
2021-12-08,462
2021-12-09,462
2021-12-10,474
2021-12-11,487
2021-12-12,504
2021-12-13,494
2021-12-14,494
2021-12-15,507
2021-12-16,503
2021-12-17,528
2021-12-18,524
2021-12-19,527
2021-12-20,519
2021-12-21,508
2021-12-22,504
2021-12-23,490
2021-12-24,487
2021-12-25,493
2021-12-26,486
2021-12-27,490
2021-12-28,504
2021-12-29,495
2021-12-30,500
2021-12-31,501
2022-01-01,501
2022-01-02,484
2022-01-03,481
2022-01-04,496
2022-01-05,496
2022-01-06,485
2022-01-07,488
2022-01-08,481
2022-01-09,461
2022-01-10,467
2022-01-11,448
2022-01-12,438
2022-01-13,444
2022-01-14,439
2022-01-15,431
2022-01-16,420
2022-01-17,429
2022-01-18,445
2022-01-19,452
2022-01-20,462
2022-01-21,462
2022-01-22,459
2022-01-23,457
2022-01-24,457
2022-01-25,465
2022-01-26,471
2022-01-27,473
2022-01-28,468
2022-01-29,474
2022-01-30,474
2022-01-31,495
2022-02-01,503
2022-02-02,487
2022-02-03,479
2022-02-04,469
2022-02-05,460
2022-02-06,460
2022-02-07,453
2022-02-08,453
2022-02-09,445
2022-02-10,441
2022-02-11,432
2022-02-12,432
2022-02-13,427
2022-02-14,412
2022-02-15,408
2022-02-16,413
2022-02-17,423
2022-02-18,414
2022-02-19,419
2022-02-20,424
2022-02-21,419
2022-02-22,412
2022-02-23,422
2022-02-24,433
2022-02-25,434
2022-02-26,441
2022-02-27,438
2022-02-28,438
2022-03-01,438
2022-03-02,444
2022-03-03,458
2022-03-04,458
2022-03-05,471
2022-03-06,477
2022-03-07,492
2022-03-08,504
2022-03-09,519
2022-03-10,538
2022-03-11,552
2022-03-12,534
2022-03-13,525
2022-03-14,518
2022-03-15,506
2022-03-16,504
2022-03-17,500
2022-03-18,520
2022-03-19,521
2022-03-20,498
2022-03-21,498
2022-03-22,449
2022-03-23,449
2022-03-24,429
2022-03-25,414
2022-03-26,427
2022-03-27,420
2022-03-28,411
2022-03-29,399
2022-03-30,394
2022-03-31,391
2022-04-01,389
2022-04-02,392
2022-04-03,398
2022-04-04,398
2022-04-05,405
2022-04-06,403
2022-04-07,412
2022-04-08,417
2022-04-09,408
2022-04-10,398
2022-04-11,401
2022-04-12,403
2022-04-13,405
2022-04-14,399
2022-04-15,399
2022-04-16,399
2022-04-17,400
2022-04-18,411
2022-04-19,410
2022-04-20,396
2022-04-21,387
2022-04-22,389
2022-04-23,388
2022-04-24,387
2022-04-25,387
2022-04-26,387
2022-04-27,386
2022-04-28,385
2022-04-29,387
2022-04-30,381
2022-05-01,373
2022-05-02,371
2022-05-03,371
2022-05-04,372
2022-05-05,369
2022-05-06,365
2022-05-07,373
2022-05-08,374
2022-05-09,368
2022-05-10,370
2022-05-11,375
2022-05-12,375
2022-05-13,375
2022-05-14,376
2022-05-15,376
2022-05-16,380
2022-05-17,377
2022-05-18,383
2022-05-19,379
2022-05-20,385
2022-05-21,394
2022-05-22,408
2022-05-23,416
2022-05-24,414
2022-05-25,412
2022-05-26,400
2022-05-27,390
2022-05-28,385
2022-05-29,385
2022-05-30,384
2022-05-31,388
2022-06-01,379
2022-06-02,369
2022-06-03,355
2022-06-04,357
2022-06-05,348
2022-06-06,348
2022-06-07,358
2022-06-08,358
2022-06-09,365
2022-06-10,365
2022-06-11,376
2022-06-12,388
2022-06-13,388
2022-06-14,397
2022-06-15,409
2022-06-16,397
2022-06-17,390
2022-06-18,387
2022-06-19,381
2022-06-20,386
2022-06-21,388
2022-06-22,388
2022-06-23,386
2022-06-24,384
2022-06-25,383
2022-06-26,387
2022-06-27,387
2022-06-28,450
2022-06-29,450
2022-06-30,380
2022-07-01,376
2022-07-02,378
2022-07-03,385
2022-07-04,385
2022-07-05,364
2022-07-06,369
2022-07-07,371
2022-07-08,371
2022-07-09,374
2022-07-10,374
2022-07-11,360
2022-07-12,356
2022-07-13,354
2022-07-14,352
2022-07-15,346
2022-07-16,342
2022-07-17,341
2022-07-18,337
2022-07-19,334
2022-07-20,339
2022-07-21,347
2022-07-22,350
2022-07-23,349
2022-07-24,354
2022-07-25,358
2022-07-26,358
2022-07-27,365
2022-07-28,370
2022-07-29,372
2022-07-30,372
2022-07-31,382
2022-08-01,382
2022-08-02,399
2022-08-03,392
2022-08-04,408
2022-08-05,408
2022-08-06,428
2022-08-07,445
2022-08-08,445
2022-08-09,457
2022-08-10,455
2022-08-11,451
2022-08-12,451
2022-08-13,463
2022-08-14,451
2022-08-15,446
2022-08-16,444
2022-08-17,442
2022-08-18,432
2022-08-19,443
2022-08-20,462
2022-08-21,463
2022-08-22,471
2022-08-23,474
2022-08-24,479
2022-08-25,488
2022-08-26,486
2022-08-27,473
2022-08-28,459
2022-08-29,459
2022-08-30,464
2022-08-31,473
2022-09-01,479
2022-09-02,482
2022-09-03,485
2022-09-04,503
2022-09-05,517
2022-09-06,527
2022-09-07,512
2022-09-08,504
2022-09-09,504
2022-09-10,505
2022-09-11,502
2022-09-12,500
2022-09-13,519
2022-09-14,540
2022-09-15,552
2022-09-16,547
2022-09-17,541
2022-09-18,542
2022-09-19,530
2022-09-20,513
2022-09-21,518
2022-09-22,512
2022-09-23,510
2022-09-24,510
2022-09-25,530
2022-09-26,530
2022-09-27,530
2022-09-28,528
2022-09-29,528
2022-09-30,522
2022-10-01,522
2022-10-02,534
2022-10-03,534
2022-10-04,560
2022-10-05,588
2022-10-06,617
2022-10-07,648
2022-10-08,648
2022-10-09,661
2022-10-10,662
2022-10-11,641
2022-10-12,616
2022-10-13,598
2022-10-14,579
2022-10-15,562
2022-10-16,546
2022-10-17,533
2022-10-18,538
2022-10-19,538
2022-10-20,543
2022-10-21,543
2022-10-22,527
2022-10-23,507
2022-10-24,496
2022-10-25,497
2022-10-26,485
2022-10-27,489
2022-10-28,501
2022-10-29,520
2022-10-30,516
2022-10-31,522
2022-11-01,507
2022-11-02,513
2022-11-03,530
2022-11-04,530
2022-11-05,547
2022-11-06,547
2022-11-07,532
2022-11-08,532
2022-11-09,526
2022-11-10,548
2022-11-11,548
2022-11-12,566
2022-11-13,591
2022-11-14,615
2022-11-15,608
2022-11-16,625
2022-11-17,612
2022-11-18,601
2022-11-19,600
2022-11-20,599
2022-11-21,610
2022-11-22,590
2022-11-23,590
2022-11-24,604
2022-11-25,598
2022-11-26,603
2022-11-27,619
2022-11-28,617
2022-11-29,597
2022-11-30,583
2022-12-01,571
2022-12-02,571
2022-12-03,563
2022-12-04,541
2022-12-05,514
2022-12-06,496
2022-12-07,493
2022-12-08,500
2022-12-09,500
2022-12-10,522
2022-12-11,541
2022-12-12,567
2022-12-13,567
2022-12-14,595
2022-12-15,625
2022-12-16,647
2022-12-17,655
2022-12-18,673
2022-12-19,669
2022-12-20,662
2022-12-21,665
2022-12-22,639
2022-12-23,639
2022-12-24,654
2022-12-25,654
2022-12-26,687
2022-12-27,720
2022-12-28,756
2022-12-29,794
2022-12-30,834
2022-12-31,875
2023-01-01,919
2023-01-02,962
2023-01-03,1006
2023-01-04,1006
2023-01-05,1048
2023-01-06,1095
2023-01-07,1089
2023-01-08,1089
2023-01-09,1053
2023-01-10,1068
2023-01-11,1068
2023-01-12,1056
2023-01-13,1056
2023-01-14,1076
2023-01-15,1115
2023-01-16,1119
2023-01-17,1091
2023-01-18,1087
2023-01-19,1088
2023-01-20,1090
2023-01-21,1090
2023-01-22,1078
2023-01-23,1105
2023-01-24,1067
2023-01-25,1057
2023-01-26,1057
2023-01-27,1065
2023-01-28,1097
2023-01-29,1151
2023-01-30,1209
2023-01-31,1270
2023-02-01,1270
2023-02-02,1315
2023-02-03,1376
2023-02-04,1444
2023-02-05,1444
2023-02-06,1517
2023-02-07,1593
2023-02-08,1662
2023-02-09,1719
2023-02-10,1788
2023-02-11,1743
2023-02-12,1660
2023-02-13,1577
2023-02-14,1498
2023-02-15,1423
2023-02-16,1360
2023-02-17,1309
2023-02-18,1253
2023-02-19,1218
2023-02-20,1181
2023-02-21,1130
2023-02-22,1085
2023-02-23,1085
2023-02-24,1060
2023-02-25,1057
2023-02-26,1081
2023-02-27,1132
2023-02-28,1179
2023-03-01,1237
2023-03-02,1299
2023-03-03,1361
2023-03-04,1405
2023-03-05,1431
2023-03-06,1473
2023-03-07,1517
2023-03-08,1517
2023-03-09,1496
2023-03-10,1473
2023-03-11,1494
2023-03-12,1566
2023-03-13,1643
2023-03-14,1691
2023-03-15,1696
2023-03-16,1696
2023-03-17,1658
2023-03-18,1681
2023-03-19,1725
2023-03-20,1660
2023-03-21,1603
2023-03-22,1603
2023-03-23,1541
2023-03-24,1508
2023-03-25,1450
2023-03-26,1381
2023-03-27,1311
2023-03-28,1258
2023-03-29,1200
2023-03-30,1184
2023-03-31,1182
2023-04-01,1182
2023-04-02,1190
2023-04-03,1191
2023-04-04,1202
2023-04-05,1202
2023-04-06,1196
2023-04-07,1181
2023-04-08,1181
2023-04-09,1179
2023-04-10,1175
2023-04-11,1175
2023-04-12,1192
2023-04-13,1220
2023-04-14,1244
2023-04-15,1287
2023-04-16,1344
2023-04-17,1372
2023-04-18,1412
2023-04-19,1401
2023-04-20,1401
2023-04-21,1359
2023-04-22,1338
2023-04-23,1347
2023-04-24,1364
2023-04-25,1383
2023-04-26,1383
2023-04-27,1404
2023-04-28,1404
2023-04-29,1401
2023-04-30,1375
2023-05-01,1379
2023-05-02,1407
2023-05-03,1376
2023-05-04,1344
2023-05-05,1321
2023-05-06,1290
2023-05-07,1290
2023-05-08,1347
2023-05-09,1370
2023-05-10,1370
2023-05-11,1388
2023-05-12,1396
2023-05-13,1411
2023-05-14,1442
2023-05-15,1442
2023-05-16,1451
2023-05-17,1465
2023-05-18,1513
2023-05-19,1513
2023-05-20,1536
2023-05-21,1536
2023-05-22,1527
2023-05-23,1506
2023-05-24,1478
2023-05-25,1478
2023-05-26,1446
2023-05-27,1407
2023-05-28,1354
2023-05-29,1317
2023-05-30,1292
2023-05-31,1303
2023-06-01,1343
2023-06-02,1390
2023-06-03,1411
2023-06-04,1426
2023-06-05,1401
2023-06-06,1374
2023-06-07,1336
2023-06-08,1293
2023-06-09,1239
2023-06-10,1183
2023-06-11,1183
2023-06-12,1150
2023-06-14,1106
2023-06-15,1080
2023-06-16,1041
2023-06-17,1018
2023-06-18,1003
2023-06-19,1000
2023-06-21,987
2023-06-22,948
2023-06-23,931
2023-06-24,931
2023-06-25,905
2023-06-26,905
2023-06-27,880
2023-06-28,866
2023-06-29,866
2023-06-30,861
2023-07-01,881
2023-07-02,881
2023-07-03,881
2023-07-04,897
2023-07-05,931
2023-07-06,931
2023-07-07,964
2023-07-08,1001
2023-07-09,1001
2023-07-10,1046
2023-07-11,1081
2023-07-12,1081
2023-07-13,1065
2023-07-14,1065
2023-07-15,1040
2023-07-16,1015
2023-07-17,1015
2023-07-18,1001
2023-07-19,987
2023-07-20,961
2023-07-21,961
2023-07-22,940
2023-07-23,957
2023-07-27,913
2023-07-30,895
2023-07-31,907
2023-08-01,914
2023-08-02,924
2023-08-03,924
2023-08-04,926
2023-08-05,924
2023-08-06,934
2023-08-09,1025
2023-08-10,1056
2023-08-11,1091
2023-08-12,1091
2023-08-13,1096
2023-08-14,1074
2023-08-19,1012
2023-08-20,1008
2023-08-21,1019
2023-08-22,1019
2023-08-23,1021
2023-08-24,1009
2023-08-25,1009
2023-08-26,970
2023-08-27,933
2023-08-28,886
2023-08-29,850
2023-08-30,854
2023-08-31,880
2023-09-01,880
2023-09-02,922
2023-09-03,936
2023-09-04,936
2023-09-05,961
2023-09-06,981
2023-09-07,963
2023-09-08,963
2023-09-09,973
2023-09-10,973
2023-09-11,976
2023-09-12,976
2023-09-13,972
2023-09-14,972
2023-09-15,931
2023-09-16,931
2023-09-17,898
2023-09-18,898
2023-09-19,864
2023-09-20,852
2023-09-21,852
2023-09-22,874
2023-09-23,874
2023-09-24,906
2023-09-25,906
2023-09-26,929
2023-09-27,931
2023-09-28,931
2023-09-29,945
2023-09-30,945
2023-10-01,927
2023-10-02,894
2023-10-03,904
2023-10-04,898
2023-10-05,898
2023-10-06,922
2023-10-07,922
2023-10-08,960
2023-10-09,945
2023-10-10,945
2023-10-11,917
2023-10-12,917
2023-10-13,889
2023-10-14,889
2023-10-15,859
2023-10-16,852
2023-10-17,852
2023-10-18,859
2023-10-19,859
2023-10-20,848
2023-10-21,850
2023-10-22,850
2023-10-23,845
2023-10-24,845
2023-10-25,826
2023-10-26,826
2023-10-27,838
2023-10-28,838
2023-10-29,876
2023-10-30,876
2023-10-31,908
2023-11-01,909
2023-11-02,909
2023-11-03,932
2023-11-04,911
2023-11-05,911
2023-11-06,900
2023-11-07,900
2023-11-08,890
2023-11-09,906
2023-11-10,906
2023-11-11,934
2023-11-12,918
2023-11-13,918
2023-11-14,907
2023-11-15,907
2023-11-16,887
2023-11-17,887
2023-11-18,892
2023-11-19,902
2023-11-20,908
2023-11-21,919
2023-11-22,919
2023-11-23,920
2023-11-24,920
2023-11-25,920
2023-11-26,920
2023-11-27,927
2023-11-28,927
2023-11-29,927
2023-11-30,934
2023-12-01,976
2023-12-02,962
2023-12-03,933
2023-12-04,917
2023-12-05,916
2023-12-06,916
2023-12-07,926
2023-12-08,924
2023-12-09,924
2023-12-10,924
2023-12-11,897
2023-12-12,897
2023-12-13,884
2023-12-14,884
2023-12-15,884
2023-12-16,884
2023-12-17,847
2023-12-18,835
2023-12-19,835
2023-12-20,856
2023-12-21,856
2023-12-22,891
2023-12-23,891
2023-12-24,913
2023-12-25,913
2023-12-26,951
2023-12-27,951
2023-12-28,963
2023-12-29,967
2023-12-30,956
2023-12-31,944
2024-01-01,923
2024-01-02,887
2024-01-03,857
2024-01-04,814
2024-01-05,840
2024-01-06,862
2024-01-07,862
2024-01-08,881
2024-01-09,919
2024-01-10,919
2024-01-11,961
2024-01-12,961
2024-01-13,983
2024-01-14,983
2024-01-15,990
2024-01-16,1011
2024-01-17,1011
2024-01-18,1034
2024-01-19,1034
2024-01-20,1034
2024-01-21,1025
2024-01-22,1025
2024-01-23,1001
2024-01-24,1001
2024-01-25,996
2024-01-26,996
2024-01-27,985
2024-01-28,969
2024-01-29,969
2024-01-30,980
2024-01-31,980
2024-02-01,966
2024-02-02,966
2024-02-03,940
2024-02-04,940
2024-02-05,966
2024-02-06,966
2024-02-07,974
2024-02-08,972
2024-02-09,972
2024-02-10,971
2024-02-11,971
2024-02-12,979
2024-02-13,979
2024-02-14,974
2024-02-15,974
2024-02-16,982
2024-02-17,982
2024-02-18,964
2024-02-19,918
2024-02-20,912
2024-02-21,912
2024-02-22,887
2024-02-23,867
2024-02-24,867
2024-02-25,848
2024-02-26,844
2024-02-27,844
2024-02-28,848
2024-02-29,848
2024-03-01,824
2024-03-02,836
2024-03-03,855
2024-03-04,855
2024-03-05,893
2024-03-06,898
2024-03-07,898
2024-03-08,885
2024-03-09,885
2024-03-10,862
2024-03-11,836
2024-03-12,836
2024-03-13,841
2024-03-14,841
2024-03-15,844
2024-03-16,844
2024-03-17,853
2024-03-18,840
2024-03-19,819
2024-03-20,824
2024-03-21,824
2024-03-22,824
2024-03-23,826
2024-03-24,826
2024-03-25,828
2024-03-26,827
2024-03-27,827
2024-03-28,832
2024-03-29,832
2024-03-30,829
2024-03-31,829
2024-04-01,832
2024-04-02,825
2024-04-03,825
2024-04-04,819
2024-04-05,825
2024-04-06,825
2024-04-07,820
2024-04-08,820
2024-04-09,813
2024-04-10,786
2024-04-11,798
2024-04-12,800
2024-04-13,797
2024-04-14,797
2024-04-15,825
2024-04-16,848
2024-04-17,848
2024-04-18,879
2024-04-19,879
2024-04-20,889
2024-04-21,899
2024-04-22,899
2024-04-23,868
2024-04-24,858
2024-04-25,858
2024-04-26,870
2024-04-27,884
2024-04-28,884
2024-04-29,905
2024-04-30,870
2024-05-01,870
2024-05-02,846
2024-05-03,826
2024-05-08,857
2024-05-09,880
2024-05-10,880
2024-05-11,869
2024-05-12,858
2024-05-13,858
2024-05-14,831
2024-05-15,831
2024-05-16,820
2024-05-17,819
2024-05-18,819
2024-05-19,811
2024-05-20,811
2024-05-21,805
2024-05-22,805
2024-05-23,798
2024-05-24,798
2024-05-25,814
2024-05-26,815
2024-05-27,823
2024-05-28,823
2024-05-29,826
2024-05-30,826
2024-05-31,826
2024-06-01,820
2024-06-02,820
2024-06-03,837
2024-06-04,843
2024-06-05,843
2024-06-06,831
2024-06-07,831
2024-06-08,810
2024-06-09,810
2024-06-10,820
2024-06-11,820
2024-06-12,845
2024-06-14,873
2024-06-15,873
2024-06-16,857
2024-06-17,851
2024-06-18,851
2024-06-19,841
2024-06-20,841
2024-06-21,834
2024-06-22,834
2024-06-23,822
2024-06-24,822
2024-06-25,810
2024-06-26,810
2024-06-27,821
2024-06-28,821
2024-06-29,847
2024-06-30,847
2024-07-01,835
2024-07-02,835
2024-07-03,834
2024-07-04,834
2024-07-05,854
2024-07-06,854
2024-07-07,857
2024-07-08,857
2024-07-09,847
2024-07-10,847
2024-07-11,843
2024-07-12,843
2024-07-13,843
2024-07-14,840
2024-07-15,840
2024-07-16,840
2024-07-17,847
2024-07-18,860
2024-07-19,860
2024-07-20,865
2024-07-21,865
2024-07-22,860
2024-07-23,860
2024-07-24,860
2024-07-25,840
2024-07-26,840
2024-07-27,827
2024-07-28,827
2024-07-29,827
2024-07-30,818
2024-07-31,818
2024-08-01,816
2024-08-02,809
2024-08-03,791
2024-08-04,791
2024-08-05,784
2024-08-06,784
2024-08-07,790
2024-08-08,784
2024-08-09,790
2024-08-10,790
2024-08-11,786
2024-08-12,786
2024-08-13,759
2024-08-14,759
2024-08-15,738
2024-08-16,721
2024-08-17,724
2024-08-18,731
2024-08-19,754
2024-08-20,757
2024-08-21,761
2024-08-22,761
2024-08-23,760
2024-08-24,749
2024-08-25,749
2024-08-26,747
2024-08-27,753
2024-08-28,750
2024-08-29,758
2024-08-30,754
2024-08-31,754
2024-09-01,750
2024-09-02,741
2024-09-03,736
2024-09-04,743
2024-09-05,743
2024-09-06,727
2024-09-07,733
2024-09-08,751
2024-09-09,751
2024-09-10,735
2024-09-11,728
2024-09-12,728
2024-09-13,728
2024-09-14,732
2024-09-15,738
2024-09-16,738
2024-09-17,748
2024-09-18,750
2024-09-19,745
2024-09-20,745
2024-09-21,740
2024-09-22,748
2024-09-23,748
2024-09-24,745
2024-09-25,752
2024-09-26,752
2024-09-27,747
2024-09-28,738
2024-09-29,747
2024-09-30,746
2024-10-01,745
2024-10-02,745
2024-10-03,720
2024-10-04,720
2024-10-05,707
2024-10-06,707
2024-10-07,720
2024-10-08,720
2024-10-09,737
2024-10-10,732
2024-10-11,732
2024-10-12,751
2024-10-13,751
2024-10-14,766
2024-10-15,766
2024-10-16,788
2024-10-17,788
2024-10-18,818
2024-10-19,818
2024-10-20,814
2024-10-21,814
2024-10-22,851
2024-10-23,851
2024-10-24,858
2024-10-25,858
2024-10-26,862
2024-10-27,862
2024-10-28,875
2024-10-29,875
2024-10-30,880
2024-10-31,880
2024-11-01,882
2024-11-02,875
2024-11-03,875
2024-11-04,866
2024-11-05,866
2024-11-06,872
2024-11-07,872
2024-11-08,880
2024-11-09,891
2024-11-10,891
2024-11-11,913
2024-11-12,925
2024-11-13,925
2024-11-14,918
2024-11-15,918
2024-11-16,963
2024-11-17,946
2024-11-18,946
2024-11-19,929
2024-11-20,929
2024-11-21,932
2024-11-22,932
2024-11-23,924
2024-11-24,924
2024-11-25,931
2024-11-26,924
2024-11-27,942
2024-11-28,990
2024-11-29,990
2024-11-30,1033
2024-12-01,1070
2024-12-02,1070
2024-12-03,1072
2024-12-04,1072
2024-12-05,1072
2024-12-06,1091
2024-12-07,1120
2024-12-08,1120
2024-12-09,1147
2024-12-10,1195
2024-12-11,1195
2024-12-12,1243
2024-12-13,1230
2024-12-14,1210
2024-12-15,1180
2024-12-16,1148
2024-12-17,1128
2024-12-18,1104
2024-12-19,1104
2024-12-20,1099
2024-12-21,1082
2024-12-22,1082
2024-12-23,1094
2024-12-24,1122
2024-12-25,1152
2024-12-26,1149
2024-12-27,1118
2024-12-28,1107
2024-12-29,1111
2024-12-30,1084
2024-12-31,1080
2025-01-01,1126
2025-01-02,1160
2025-01-03,1160
2025-01-04,1155
2025-01-05,1135
2025-01-06,1111
2025-01-07,1089
2025-01-08,1088
2025-01-09,1074
2025-01-10,1093
2025-01-11,1093
2025-01-12,1121
2025-01-13,1156
2025-01-14,1156
2025-01-15,1212
2025-01-16,1212
2025-01-17,1273
2025-01-18,1322
2025-01-19,1322
2025-01-20,1389
2025-01-21,1449
2025-01-22,1516
2025-01-23,1553
2025-01-24,1601
2025-01-25,1601
2025-01-26,1589
2025-01-27,1599
2025-01-28,1583
2025-01-29,1535
2025-01-30,1513
2025-01-31,1529
2025-02-01,1551
2025-02-02,1564
2025-02-03,1557
2025-02-04,1624
2025-02-05,1704
2025-02-06,1773
2025-02-07,1815
2025-02-08,1815
2025-02-09,1822
2025-02-10,1825
2025-02-11,1780
2025-02-12,1709
2025-02-13,1709
2025-02-14,1635
2025-02-15,1587
2025-02-16,1564
2025-02-17,1545
2025-02-18,1523
2025-02-19,1523
2025-02-20,1505
2025-02-21,1478
2025-02-22,1468
2025-02-23,1432
2025-02-24,1432
2025-02-25,1406
2025-02-26,1406
2025-02-27,1396
2025-02-28,1394
2025-03-01,1394
2025-03-02,1386
2025-03-03,1386
2025-03-04,1386
2025-03-05,1455
2025-03-06,1455
2025-03-07,1448
2025-03-08,1448
2025-03-09,1384
2025-03-10,1384
2025-03-11,1314
2025-03-12,1272
2025-03-13,1272
2025-03-14,1208
2025-03-15,1208
2025-03-16,1159
2025-03-17,1181
2025-03-18,1181
2025-03-19,1208
2025-03-20,1208
2025-03-21,1231
2025-03-22,1231
2025-03-23,1266
2025-03-24,1266
2025-03-25,1212
2025-03-26,1212
2025-03-27,1170
2025-03-28,1170
2025-03-29,1188
2025-03-30,1188
2025-03-31,1169
2025-04-01,1169
2025-04-02,1129
2025-04-03,1099
2025-04-04,1099
2025-04-05,1096
2025-04-06,1096
2025-04-07,1082
2025-04-08,1082
2025-04-09,1059
2025-04-10,1065
2025-04-11,1065
2025-04-12,1058
2025-04-13,1058
2025-04-14,1024
2025-04-15,1024
2025-04-16,1002
2025-04-17,1002
2025-04-18,964
2025-04-19,964
2025-04-20,976
2025-04-21,949
2025-04-22,949
2025-04-23,940
2025-04-24,940
2025-04-25,942
2025-04-26,947
2025-04-27,947
2025-04-28,944
2025-04-29,944
2025-04-30,942
2025-05-01,942
2025-05-02,946
2025-05-03,946
2025-05-04,949
2025-05-05,949
2025-05-06,975
2025-05-07,979
2025-05-08,979
2025-05-09,972
2025-05-10,972
2025-05-11,952
2025-05-12,952
2025-05-13,934
2025-05-14,934
2025-05-15,934
2025-05-16,934
2025-05-17,930
2025-05-18,930
2025-05-19,900
2025-05-20,900
2025-05-21,888
2025-05-22,888
2025-05-23,891
2025-05-24,891
2025-05-25,874
2025-05-26,874
2025-05-27,873
2025-05-28,873
2025-05-29,880
2025-05-30,880
2025-05-31,898
2025-06-01,898
2025-06-02,906
2025-06-03,906
2025-06-04,908
2025-06-05,908
2025-06-06,906
2025-06-07,906
2025-06-08,877
2025-06-09,877
2025-06-10,836
2025-06-11,836
2025-06-12,836
2025-06-13,794
2025-06-14,794
2025-06-15,794
2025-06-16,755
2025-06-17,755
2025-06-18,751
2025-06-19,751
2025-06-20,726
2025-06-21,726
2025-06-22,702
2025-06-23,702
2025-06-24,727
2025-06-25,727
2025-06-26,760
2025-06-27,760
2025-06-28,797
2025-06-29,797
2025-06-30,836
2025-07-01,836
2025-07-02,836
2025-07-03,866
2025-07-04,866
2025-07-05,866
2025-07-06,910
2025-07-07,910
2025-07-08,953
2025-07-09,953
2025-07-10,953
2025-07-11,1001
2025-07-12,1001
2025-07-13,1026
2025-07-14,1026
2025-07-15,1032
2025-07-16,1032
2025-07-17,1031
2025-07-18,1031
2025-07-19,1023
2025-07-20,1023
2025-07-21,1019
2025-07-22,1019
2025-07-23,1001
2025-07-24,1001
2025-07-25,977
2025-07-26,962
2025-07-27,970
2025-07-28,970
2025-07-29,962
2025-07-30,960
